dtime,time,open,high,low,close,vwap,volume,count
2023-04-03 12:01:00,1680523260,1.4794,1.4794,1.4794,1.4794,0.0,0.0,0
2023-04-03 12:02:00,1680523320,1.4794,1.4794,1.4794,1.4794,0.0,0.0,0
2023-04-03 12:03:00,1680523380,1.4794,1.4794,1.4794,1.4794,0.0,0.0,0
2023-04-03 12:04:00,1680523440,1.4794,1.4794,1.4794,1.4794,0.0,0.0,0
2023-04-03 12:05:00,1680523500,1.4794,1.4794,1.4794,1.4794,0.0,0.0,0
2023-04-03 12:06:00,1680523560,1.4794,1.4794,1.4794,1.4794,0.0,0.0,0
2023-04-03 12:07:00,1680523620,1.4794,1.4794,1.4794,1.4794,0.0,0.0,0
2023-04-03 12:08:00,1680523680,1.4794,1.4794,1.4794,1.4794,0.0,0.0,0
2023-04-03 12:09:00,1680523740,1.4789,1.4789,1.4789,1.4789,1.4789,58.9154101,1
2023-04-03 12:10:00,1680523800,1.4789,1.4789,1.4789,1.4789,0.0,0.0,0
2023-04-03 12:11:00,1680523860,1.4789,1.4789,1.4789,1.4789,0.0,0.0,0
2023-04-03 12:12:00,1680523920,1.4789,1.4789,1.4789,1.4789,0.0,0.0,0
2023-04-03 12:13:00,1680523980,1.4789,1.4789,1.4789,1.4789,0.0,0.0,0
2023-04-03 12:14:00,1680524040,1.4789,1.4789,1.4789,1.4789,0.0,0.0,0
2023-04-03 12:15:00,1680524100,1.4789,1.4789,1.4789,1.4789,0.0,0.0,0
2023-04-03 12:16:00,1680524160,1.4789,1.4789,1.4789,1.4789,0.0,0.0,0
2023-04-03 12:17:00,1680524220,1.4789,1.4789,1.4789,1.4789,0.0,0.0,0
2023-04-03 12:18:00,1680524280,1.4789,1.4789,1.4789,1.4789,0.0,0.0,0
2023-04-03 12:19:00,1680524340,1.4789,1.4789,1.4789,1.4789,0.0,0.0,0
2023-04-03 12:20:00,1680524400,1.4789,1.4789,1.4789,1.4789,0.0,0.0,0
2023-04-03 12:21:00,1680524460,1.4789,1.4789,1.4789,1.4789,0.0,0.0,0
2023-04-03 12:22:00,1680524520,1.4789,1.4789,1.4789,1.4789,0.0,0.0,0
2023-04-03 12:23:00,1680524580,1.4778,1.4778,1.4778,1.4778,1.4778,6.77094329,1
2023-04-03 12:24:00,1680524640,1.4778,1.4778,1.4778,1.4778,0.0,0.0,0
2023-04-03 12:25:00,1680524700,1.4778,1.4778,1.4778,1.4778,0.0,0.0,0
2023-04-03 12:26:00,1680524760,1.4778,1.4778,1.4778,1.4778,0.0,0.0,0
2023-04-03 12:27:00,1680524820,1.4778,1.4778,1.4778,1.4778,0.0,0.0,0
2023-04-03 12:28:00,1680524880,1.4778,1.4778,1.4778,1.4778,0.0,0.0,0
2023-04-03 12:29:00,1680524940,1.4778,1.4778,1.4778,1.4778,1.4778,7.03681147,1
2023-04-03 12:30:00,1680525000,1.4778,1.4778,1.4778,1.4778,0.0,0.0,0
2023-04-03 12:31:00,1680525060,1.4778,1.4778,1.4778,1.4778,0.0,0.0,0
2023-04-03 12:32:00,1680525120,1.4778,1.4778,1.4778,1.4778,0.0,0.0,0
2023-04-03 12:33:00,1680525180,1.4778,1.4778,1.4778,1.4778,0.0,0.0,0
2023-04-03 12:34:00,1680525240,1.4778,1.4778,1.4778,1.4778,0.0,0.0,0
2023-04-03 12:35:00,1680525300,1.4778,1.4778,1.4778,1.4778,0.0,0.0,0
2023-04-03 12:36:00,1680525360,1.4778,1.4778,1.4778,1.4778,1.4778,76.52646697,1
2023-04-03 12:37:00,1680525420,1.4778,1.4778,1.4778,1.4778,0.0,0.0,0
2023-04-03 12:38:00,1680525480,1.4778,1.4778,1.4778,1.4778,0.0,0.0,0
2023-04-03 12:39:00,1680525540,1.4778,1.4778,1.4778,1.4778,0.0,0.0,0
2023-04-03 12:40:00,1680525600,1.4778,1.4778,1.4778,1.4778,0.0,0.0,0
2023-04-03 12:41:00,1680525660,1.4778,1.4778,1.4778,1.4778,0.0,0.0,0
2023-04-03 12:42:00,1680525720,1.4778,1.4778,1.4778,1.4778,0.0,0.0,0
2023-04-03 12:43:00,1680525780,1.4778,1.4778,1.4778,1.4778,0.0,0.0,0
2023-04-03 12:44:00,1680525840,1.4778,1.4778,1.4778,1.4778,0.0,0.0,0
2023-04-03 12:45:00,1680525900,1.4778,1.4778,1.4778,1.4778,0.0,0.0,0
2023-04-03 12:46:00,1680525960,1.4778,1.4778,1.4778,1.4778,0.0,0.0,0
2023-04-03 12:47:00,1680526020,1.4777,1.4779,1.4777,1.4779,1.4778,369.22622897,2
2023-04-03 12:48:00,1680526080,1.4779,1.4779,1.4779,1.4779,0.0,0.0,0
2023-04-03 12:49:00,1680526140,1.4779,1.4779,1.4779,1.4779,0.0,0.0,0
2023-04-03 12:50:00,1680526200,1.4779,1.4779,1.4779,1.4779,0.0,0.0,0
2023-04-03 12:51:00,1680526260,1.4779,1.4779,1.4779,1.4779,0.0,0.0,0
2023-04-03 12:52:00,1680526320,1.4779,1.4779,1.4779,1.4779,0.0,0.0,0
2023-04-03 12:53:00,1680526380,1.4779,1.4779,1.4779,1.4779,0.0,0.0,0
2023-04-03 12:54:00,1680526440,1.4772,1.4772,1.4771,1.4771,1.4771,986.10502434,3
2023-04-03 12:55:00,1680526500,1.4771,1.4771,1.4771,1.4771,0.0,0.0,0
2023-04-03 12:56:00,1680526560,1.4771,1.4771,1.4771,1.4771,0.0,0.0,0
2023-04-03 12:57:00,1680526620,1.4771,1.4771,1.4771,1.4771,0.0,0.0,0
2023-04-03 12:58:00,1680526680,1.4771,1.4771,1.4771,1.4771,0.0,0.0,0
2023-04-03 12:59:00,1680526740,1.4776,1.4781,1.4776,1.4781,1.4778,3772.67209602,5
2023-04-03 13:00:00,1680526800,1.4776,1.4776,1.4776,1.4776,1.4776,648.21250676,2
2023-04-03 13:01:00,1680526860,1.4776,1.4776,1.4776,1.4776,0.0,0.0,0
2023-04-03 13:02:00,1680526920,1.4778,1.4786,1.4778,1.4781,1.4781,2961.96968778,5
2023-04-03 13:03:00,1680526980,1.4781,1.4781,1.4781,1.4781,1.4781,1000.26486703,4
2023-04-03 13:04:00,1680527040,1.4781,1.4781,1.4781,1.4781,0.0,0.0,0
2023-04-03 13:05:00,1680527100,1.4781,1.4781,1.4781,1.4781,0.0,0.0,0
2023-04-03 13:06:00,1680527160,1.4781,1.4781,1.4781,1.4781,0.0,0.0,0
2023-04-03 13:07:00,1680527220,1.4781,1.4781,1.4781,1.4781,0.0,0.0,0
2023-04-03 13:08:00,1680527280,1.4781,1.4781,1.4781,1.4781,1.4781,965.80793297,1
2023-04-03 13:09:00,1680527340,1.4781,1.4781,1.4781,1.4781,1.4781,4230.83735876,6
2023-04-03 13:10:00,1680527400,1.4781,1.4781,1.4781,1.4781,0.0,0.0,0
2023-04-03 13:11:00,1680527460,1.4781,1.4781,1.4781,1.4781,0.0,0.0,0
2023-04-03 13:12:00,1680527520,1.4781,1.4781,1.4781,1.4781,0.0,0.0,0
2023-04-03 13:13:00,1680527580,1.4781,1.4781,1.4781,1.4781,0.0,0.0,0
2023-04-03 13:14:00,1680527640,1.4781,1.4781,1.4781,1.4781,0.0,0.0,0
2023-04-03 13:15:00,1680527700,1.4781,1.4781,1.4781,1.4781,0.0,0.0,0
2023-04-03 13:16:00,1680527760,1.4781,1.4781,1.4781,1.4781,0.0,0.0,0
2023-04-03 13:17:00,1680527820,1.4781,1.4781,1.4781,1.4781,0.0,0.0,0
2023-04-03 13:18:00,1680527880,1.4781,1.4781,1.4781,1.4781,0.0,0.0,0
2023-04-03 13:19:00,1680527940,1.4781,1.4781,1.4781,1.4781,1.4781,87.01768405,1
2023-04-03 13:20:00,1680528000,1.4781,1.4781,1.4781,1.4781,0.0,0.0,0
2023-04-03 13:21:00,1680528060,1.4781,1.4781,1.4781,1.4781,0.0,0.0,0
2023-04-03 13:22:00,1680528120,1.4781,1.4781,1.4781,1.4781,0.0,0.0,0
2023-04-03 13:23:00,1680528180,1.4781,1.4781,1.4781,1.4781,0.0,0.0,0
2023-04-03 13:24:00,1680528240,1.4781,1.4781,1.4781,1.4781,1.4781,18.03691742,1
2023-04-03 13:25:00,1680528300,1.4782,1.4782,1.4782,1.4782,1.4782,256.4362,1
2023-04-03 13:26:00,1680528360,1.4782,1.4782,1.4782,1.4782,0.0,0.0,0
2023-04-03 13:27:00,1680528420,1.478,1.478,1.478,1.478,1.478,4000.0,2
2023-04-03 13:28:00,1680528480,1.478,1.478,1.478,1.478,0.0,0.0,0
2023-04-03 13:29:00,1680528540,1.478,1.478,1.478,1.478,0.0,0.0,0
2023-04-03 13:30:00,1680528600,1.478,1.478,1.478,1.478,0.0,0.0,0
2023-04-03 13:31:00,1680528660,1.478,1.478,1.478,1.478,0.0,0.0,0
2023-04-03 13:32:00,1680528720,1.478,1.478,1.478,1.478,0.0,0.0,0
2023-04-03 13:33:00,1680528780,1.478,1.478,1.478,1.478,0.0,0.0,0
2023-04-03 13:34:00,1680528840,1.478,1.478,1.478,1.478,0.0,0.0,0
2023-04-03 13:35:00,1680528900,1.478,1.478,1.478,1.478,0.0,0.0,0
2023-04-03 13:36:00,1680528960,1.478,1.478,1.478,1.478,0.0,0.0,0
2023-04-03 13:37:00,1680529020,1.478,1.478,1.478,1.478,0.0,0.0,0
2023-04-03 13:38:00,1680529080,1.4781,1.4781,1.4781,1.4781,1.4781,100.99553479,3
2023-04-03 13:39:00,1680529140,1.4781,1.4781,1.4781,1.4781,1.4781,1080.10520261,3
2023-04-03 13:40:00,1680529200,1.478,1.478,1.4779,1.4779,1.4779,2015.38465715,3
2023-04-03 13:41:00,1680529260,1.4779,1.4779,1.4779,1.4779,0.0,0.0,0
2023-04-03 13:42:00,1680529320,1.4779,1.4779,1.4779,1.4779,0.0,0.0,0
2023-04-03 13:43:00,1680529380,1.4766,1.4766,1.4762,1.4762,1.4762,287.04822063,3
2023-04-03 13:44:00,1680529440,1.4762,1.4762,1.4762,1.4762,0.0,0.0,0
2023-04-03 13:45:00,1680529500,1.4762,1.4762,1.4762,1.4762,0.0,0.0,0
2023-04-03 13:46:00,1680529560,1.4762,1.4762,1.4762,1.4762,0.0,0.0,0
2023-04-03 13:47:00,1680529620,1.4762,1.4762,1.4762,1.4762,0.0,0.0,0
2023-04-03 13:48:00,1680529680,1.4762,1.4762,1.4762,1.4762,0.0,0.0,0
2023-04-03 13:49:00,1680529740,1.4762,1.4762,1.4762,1.4762,0.0,0.0,0
2023-04-03 13:50:00,1680529800,1.4762,1.4762,1.4762,1.4762,0.0,0.0,0
2023-04-03 13:51:00,1680529860,1.4762,1.4762,1.4762,1.4762,0.0,0.0,0
2023-04-03 13:52:00,1680529920,1.4762,1.4762,1.4762,1.4762,0.0,0.0,0
2023-04-03 13:53:00,1680529980,1.4762,1.4762,1.4762,1.4762,0.0,0.0,0
2023-04-03 13:54:00,1680530040,1.4762,1.4762,1.4762,1.4762,0.0,0.0,0
2023-04-03 13:55:00,1680530100,1.4762,1.4762,1.4762,1.4762,0.0,0.0,0
2023-04-03 13:56:00,1680530160,1.4762,1.4762,1.4762,1.4762,0.0,0.0,0
2023-04-03 13:57:00,1680530220,1.4762,1.4762,1.4762,1.4762,0.0,0.0,0
2023-04-03 13:58:00,1680530280,1.4762,1.4762,1.4762,1.4762,0.0,0.0,0
2023-04-03 13:59:00,1680530340,1.4762,1.4762,1.4762,1.4762,0.0,0.0,0
2023-04-03 14:00:00,1680530400,1.4756,1.4756,1.4755,1.4755,1.4755,967.76210779,3
2023-04-03 14:01:00,1680530460,1.4743,1.4743,1.4743,1.4743,1.4743,282.81143593,1
2023-04-03 14:02:00,1680530520,1.4743,1.4743,1.4743,1.4743,0.0,0.0,0
2023-04-03 14:03:00,1680530580,1.4743,1.4743,1.4743,1.4743,0.0,0.0,0
2023-04-03 14:04:00,1680530640,1.4743,1.4743,1.4743,1.4743,0.0,0.0,0
2023-04-03 14:05:00,1680530700,1.4743,1.4743,1.4743,1.4743,0.0,0.0,0
2023-04-03 14:06:00,1680530760,1.4743,1.4743,1.4743,1.4743,0.0,0.0,0
2023-04-03 14:07:00,1680530820,1.4758,1.4758,1.4758,1.4758,1.4758,1644.4339,1
2023-04-03 14:08:00,1680530880,1.4758,1.4758,1.4758,1.4758,0.0,0.0,0
2023-04-03 14:09:00,1680530940,1.4754,1.4754,1.4754,1.4754,1.4754,10.30784529,1
2023-04-03 14:10:00,1680531000,1.4754,1.4754,1.4754,1.4754,0.0,0.0,0
2023-04-03 14:11:00,1680531060,1.4754,1.4754,1.4754,1.4754,0.0,0.0,0
2023-04-03 14:12:00,1680531120,1.4754,1.4754,1.4754,1.4754,0.0,0.0,0
2023-04-03 14:13:00,1680531180,1.4754,1.4754,1.4754,1.4754,1.4754,115.40016266,1
2023-04-03 14:14:00,1680531240,1.4754,1.4754,1.4754,1.4754,0.0,0.0,0
2023-04-03 14:15:00,1680531300,1.4754,1.4754,1.4754,1.4754,0.0,0.0,0
2023-04-03 14:16:00,1680531360,1.4744,1.4744,1.4741,1.4741,1.4743,130.55702163,2
2023-04-03 14:17:00,1680531420,1.4741,1.4741,1.4741,1.4741,0.0,0.0,0
2023-04-03 14:18:00,1680531480,1.4741,1.4741,1.4741,1.4741,0.0,0.0,0
2023-04-03 14:19:00,1680531540,1.4741,1.4741,1.4741,1.4741,0.0,0.0,0
2023-04-03 14:20:00,1680531600,1.4738,1.4738,1.4734,1.4734,1.4737,318.51569762,2
2023-04-03 14:21:00,1680531660,1.4734,1.4734,1.4734,1.4734,0.0,0.0,0
2023-04-03 14:22:00,1680531720,1.4734,1.4734,1.4734,1.4734,0.0,0.0,0
2023-04-03 14:23:00,1680531780,1.4736,1.4736,1.4736,1.4736,1.4736,334.2907,1
2023-04-03 14:24:00,1680531840,1.4736,1.4736,1.4736,1.4736,0.0,0.0,0
2023-04-03 14:25:00,1680531900,1.4736,1.4736,1.4736,1.4736,0.0,0.0,0
2023-04-03 14:26:00,1680531960,1.4736,1.4736,1.4736,1.4736,0.0,0.0,0
2023-04-03 14:27:00,1680532020,1.4736,1.4736,1.4736,1.4736,0.0,0.0,0
2023-04-03 14:28:00,1680532080,1.4733,1.4735,1.4733,1.4735,1.4734,8786.56267066,7
2023-04-03 14:29:00,1680532140,1.4735,1.4735,1.4735,1.4735,0.0,0.0,0
2023-04-03 14:30:00,1680532200,1.4738,1.4738,1.4737,1.4738,1.4737,11168.06307331,9
2023-04-03 14:31:00,1680532260,1.4739,1.474,1.4739,1.474,1.4739,1407.45402315,3
2023-04-03 14:32:00,1680532320,1.474,1.474,1.474,1.474,0.0,0.0,0
2023-04-03 14:33:00,1680532380,1.474,1.474,1.474,1.474,0.0,0.0,0
2023-04-03 14:34:00,1680532440,1.4744,1.4744,1.4744,1.4744,1.4744,2000.0,2
2023-04-03 14:35:00,1680532500,1.4747,1.4747,1.4747,1.4747,1.4747,1195.53195594,4
2023-04-03 14:36:00,1680532560,1.475,1.475,1.475,1.475,1.475,54.81666956,1
2023-04-03 14:37:00,1680532620,1.475,1.4752,1.475,1.4752,1.475,6020.7431694,9
2023-04-03 14:38:00,1680532680,1.4757,1.4771,1.4757,1.4771,1.4763,8465.30949512,26
2023-04-03 14:39:00,1680532740,1.4771,1.4771,1.4771,1.4771,0.0,0.0,0
2023-04-03 14:40:00,1680532800,1.4771,1.4771,1.4771,1.4771,0.0,0.0,0
2023-04-03 14:41:00,1680532860,1.4771,1.4771,1.4771,1.4771,0.0,0.0,0
2023-04-03 14:42:00,1680532920,1.4771,1.4771,1.4771,1.4771,0.0,0.0,0
2023-04-03 14:43:00,1680532980,1.4771,1.4771,1.4771,1.4771,0.0,0.0,0
2023-04-03 14:44:00,1680533040,1.4771,1.4771,1.4771,1.4771,0.0,0.0,0
2023-04-03 14:45:00,1680533100,1.4771,1.4771,1.4771,1.4771,0.0,0.0,0
2023-04-03 14:46:00,1680533160,1.4771,1.4771,1.4771,1.4771,0.0,0.0,0
2023-04-03 14:47:00,1680533220,1.4771,1.4771,1.4771,1.4771,0.0,0.0,0
2023-04-03 14:48:00,1680533280,1.4771,1.4771,1.4771,1.4771,0.0,0.0,0
2023-04-03 14:49:00,1680533340,1.4771,1.4771,1.4771,1.4771,0.0,0.0,0
2023-04-03 14:50:00,1680533400,1.477,1.477,1.4767,1.4767,1.4768,1160.26130856,5
2023-04-03 14:51:00,1680533460,1.4767,1.4767,1.4767,1.4767,0.0,0.0,0
2023-04-03 14:52:00,1680533520,1.4767,1.4767,1.4767,1.4767,0.0,0.0,0
2023-04-03 14:53:00,1680533580,1.4767,1.4767,1.4767,1.4767,0.0,0.0,0
2023-04-03 14:54:00,1680533640,1.4763,1.4763,1.4763,1.4763,1.4763,211.46388365,1
2023-04-03 14:55:00,1680533700,1.4763,1.4763,1.4763,1.4763,0.0,0.0,0
2023-04-03 14:56:00,1680533760,1.4763,1.4763,1.4763,1.4763,0.0,0.0,0
2023-04-03 14:57:00,1680533820,1.4763,1.4763,1.4763,1.4763,0.0,0.0,0
2023-04-03 14:58:00,1680533880,1.4763,1.4763,1.4763,1.4763,0.0,0.0,0
2023-04-03 14:59:00,1680533940,1.4763,1.4763,1.4763,1.4763,0.0,0.0,0
2023-04-03 15:00:00,1680534000,1.4763,1.4763,1.4763,1.4763,0.0,0.0,0
2023-04-03 15:01:00,1680534060,1.4763,1.4763,1.4763,1.4763,0.0,0.0,0
2023-04-03 15:02:00,1680534120,1.4751,1.4751,1.4747,1.4747,1.4748,536.30918984,5
2023-04-03 15:03:00,1680534180,1.4745,1.4745,1.4745,1.4745,1.4745,66.19292845,1
2023-04-03 15:04:00,1680534240,1.4745,1.4745,1.4745,1.4745,0.0,0.0,0
2023-04-03 15:05:00,1680534300,1.4745,1.4745,1.4745,1.4745,0.0,0.0,0
2023-04-03 15:06:00,1680534360,1.4745,1.4745,1.4745,1.4745,0.0,0.0,0
2023-04-03 15:07:00,1680534420,1.4745,1.4745,1.4745,1.4745,0.0,0.0,0
2023-04-03 15:08:00,1680534480,1.4745,1.4745,1.4745,1.4745,0.0,0.0,0
2023-04-03 15:09:00,1680534540,1.4745,1.4745,1.4745,1.4745,0.0,0.0,0
2023-04-03 15:10:00,1680534600,1.4745,1.4745,1.4745,1.4745,0.0,0.0,0
2023-04-03 15:11:00,1680534660,1.4745,1.4745,1.4745,1.4745,0.0,0.0,0
2023-04-03 15:12:00,1680534720,1.4745,1.4745,1.4745,1.4745,0.0,0.0,0
2023-04-03 15:13:00,1680534780,1.4745,1.4745,1.4745,1.4745,0.0,0.0,0
2023-04-03 15:14:00,1680534840,1.4745,1.4745,1.4745,1.4745,0.0,0.0,0
2023-04-03 15:15:00,1680534900,1.4745,1.4745,1.4745,1.4745,0.0,0.0,0
2023-04-03 15:16:00,1680534960,1.4745,1.4745,1.4745,1.4745,0.0,0.0,0
2023-04-03 15:17:00,1680535020,1.4745,1.4745,1.4745,1.4745,0.0,0.0,0
2023-04-03 15:18:00,1680535080,1.4745,1.4745,1.4745,1.4745,0.0,0.0,0
2023-04-03 15:19:00,1680535140,1.4745,1.4745,1.4745,1.4745,0.0,0.0,0
2023-04-03 15:20:00,1680535200,1.4745,1.4745,1.4745,1.4745,0.0,0.0,0
2023-04-03 15:21:00,1680535260,1.4745,1.4745,1.4745,1.4745,0.0,0.0,0
2023-04-03 15:22:00,1680535320,1.4745,1.4745,1.4745,1.4745,0.0,0.0,0
2023-04-03 15:23:00,1680535380,1.4745,1.4745,1.4745,1.4745,0.0,0.0,0
2023-04-03 15:24:00,1680535440,1.4745,1.4745,1.4745,1.4745,0.0,0.0,0
2023-04-03 15:25:00,1680535500,1.4745,1.4745,1.4745,1.4745,0.0,0.0,0
2023-04-03 15:26:00,1680535560,1.4745,1.4745,1.4745,1.4745,0.0,0.0,0
2023-04-03 15:27:00,1680535620,1.4756,1.4756,1.4756,1.4756,1.4756,106.09142043,2
2023-04-03 15:28:00,1680535680,1.4756,1.4756,1.4756,1.4756,0.0,0.0,0
2023-04-03 15:29:00,1680535740,1.4756,1.4756,1.4756,1.4756,0.0,0.0,0
2023-04-03 15:30:00,1680535800,1.4756,1.4756,1.4756,1.4756,0.0,0.0,0
2023-04-03 15:31:00,1680535860,1.4756,1.4756,1.4756,1.4756,0.0,0.0,0
2023-04-03 15:32:00,1680535920,1.4756,1.4756,1.4756,1.4756,0.0,0.0,0
2023-04-03 15:33:00,1680535980,1.4756,1.4756,1.4756,1.4756,0.0,0.0,0
2023-04-03 15:34:00,1680536040,1.4752,1.4752,1.4752,1.4752,1.4752,10.0,1
2023-04-03 15:35:00,1680536100,1.4752,1.4752,1.4752,1.4752,0.0,0.0,0
2023-04-03 15:36:00,1680536160,1.4752,1.4752,1.4752,1.4752,0.0,0.0,0
2023-04-03 15:37:00,1680536220,1.4752,1.4752,1.4752,1.4752,0.0,0.0,0
2023-04-03 15:38:00,1680536280,1.4752,1.4752,1.4752,1.4752,0.0,0.0,0
2023-04-03 15:39:00,1680536340,1.4752,1.4752,1.4752,1.4752,0.0,0.0,0
2023-04-03 15:40:00,1680536400,1.4752,1.4752,1.4752,1.4752,0.0,0.0,0
2023-04-03 15:41:00,1680536460,1.4752,1.4752,1.4752,1.4752,0.0,0.0,0
2023-04-03 15:42:00,1680536520,1.4752,1.4752,1.4752,1.4752,0.0,0.0,0
2023-04-03 15:43:00,1680536580,1.4752,1.4752,1.4752,1.4752,0.0,0.0,0
2023-04-03 15:44:00,1680536640,1.4752,1.4752,1.4752,1.4752,0.0,0.0,0
2023-04-03 15:45:00,1680536700,1.4752,1.4752,1.4752,1.4752,0.0,0.0,0
2023-04-03 15:46:00,1680536760,1.4752,1.4752,1.4752,1.4752,0.0,0.0,0
2023-04-03 15:47:00,1680536820,1.4752,1.4752,1.4752,1.4752,0.0,0.0,0
2023-04-03 15:48:00,1680536880,1.4752,1.4752,1.4752,1.4752,0.0,0.0,0
2023-04-03 15:49:00,1680536940,1.4752,1.4752,1.4752,1.4752,0.0,0.0,0
2023-04-03 15:50:00,1680537000,1.4752,1.4752,1.4752,1.4752,0.0,0.0,0
2023-04-03 15:51:00,1680537060,1.4752,1.4752,1.4752,1.4752,0.0,0.0,0
2023-04-03 15:52:00,1680537120,1.4752,1.4752,1.4752,1.4752,0.0,0.0,0
2023-04-03 15:53:00,1680537180,1.4752,1.4752,1.4752,1.4752,0.0,0.0,0
2023-04-03 15:54:00,1680537240,1.4752,1.4752,1.4752,1.4752,0.0,0.0,0
2023-04-03 15:55:00,1680537300,1.4752,1.4752,1.4752,1.4752,0.0,0.0,0
2023-04-03 15:56:00,1680537360,1.4752,1.4752,1.4752,1.4752,0.0,0.0,0
2023-04-03 15:57:00,1680537420,1.4752,1.4752,1.4752,1.4752,0.0,0.0,0
2023-04-03 15:58:00,1680537480,1.4752,1.4752,1.4752,1.4752,0.0,0.0,0
2023-04-03 15:59:00,1680537540,1.4738,1.4738,1.4738,1.4738,1.4738,87.11269732,1
2023-04-03 16:00:00,1680537600,1.4734,1.4734,1.4733,1.4733,1.4733,479.78,2
2023-04-03 16:01:00,1680537660,1.4733,1.4733,1.4733,1.4733,0.0,0.0,0
2023-04-03 16:02:00,1680537720,1.4733,1.4733,1.4733,1.4733,0.0,0.0,0
2023-04-03 16:03:00,1680537780,1.4733,1.4733,1.4733,1.4733,0.0,0.0,0
2023-04-03 16:04:00,1680537840,1.4733,1.4733,1.4733,1.4733,0.0,0.0,0
2023-04-03 16:05:00,1680537900,1.4733,1.4733,1.4733,1.4733,0.0,0.0,0
2023-04-03 16:06:00,1680537960,1.4733,1.4733,1.4733,1.4733,0.0,0.0,0
2023-04-03 16:07:00,1680538020,1.4733,1.4733,1.4733,1.4733,0.0,0.0,0
2023-04-03 16:08:00,1680538080,1.4735,1.4736,1.4735,1.4736,1.4735,2101.06159395,2
2023-04-03 16:09:00,1680538140,1.4736,1.4736,1.4736,1.4736,0.0,0.0,0
2023-04-03 16:10:00,1680538200,1.4736,1.4736,1.4736,1.4736,0.0,0.0,0
2023-04-03 16:11:00,1680538260,1.4736,1.4736,1.4736,1.4736,0.0,0.0,0
2023-04-03 16:12:00,1680538320,1.4736,1.4736,1.4736,1.4736,0.0,0.0,0
2023-04-03 16:13:00,1680538380,1.4736,1.4736,1.4736,1.4736,0.0,0.0,0
2023-04-03 16:14:00,1680538440,1.4736,1.4736,1.4736,1.4736,0.0,0.0,0
2023-04-03 16:15:00,1680538500,1.4736,1.4736,1.4736,1.4736,0.0,0.0,0
2023-04-03 16:16:00,1680538560,1.4736,1.4736,1.4736,1.4736,0.0,0.0,0
2023-04-03 16:17:00,1680538620,1.4736,1.4736,1.4736,1.4736,0.0,0.0,0
2023-04-03 16:18:00,1680538680,1.4736,1.4736,1.4736,1.4736,0.0,0.0,0
2023-04-03 16:19:00,1680538740,1.4736,1.4736,1.4736,1.4736,0.0,0.0,0
2023-04-03 16:20:00,1680538800,1.4736,1.4736,1.4736,1.4736,0.0,0.0,0
2023-04-03 16:21:00,1680538860,1.473,1.473,1.473,1.473,1.473,22.42131703,2
2023-04-03 16:22:00,1680538920,1.473,1.473,1.473,1.473,0.0,0.0,0
2023-04-03 16:23:00,1680538980,1.473,1.473,1.473,1.473,0.0,0.0,0
2023-04-03 16:24:00,1680539040,1.473,1.473,1.473,1.473,0.0,0.0,0
2023-04-03 16:25:00,1680539100,1.473,1.473,1.473,1.473,0.0,0.0,0
2023-04-03 16:26:00,1680539160,1.473,1.473,1.473,1.473,0.0,0.0,0
2023-04-03 16:27:00,1680539220,1.473,1.473,1.473,1.473,0.0,0.0,0
2023-04-03 16:28:00,1680539280,1.473,1.473,1.473,1.473,0.0,0.0,0
2023-04-03 16:29:00,1680539340,1.473,1.473,1.473,1.473,0.0,0.0,0
2023-04-03 16:30:00,1680539400,1.473,1.473,1.473,1.473,0.0,0.0,0
2023-04-03 16:31:00,1680539460,1.473,1.473,1.473,1.473,0.0,0.0,0
2023-04-03 16:32:00,1680539520,1.473,1.473,1.473,1.473,0.0,0.0,0
2023-04-03 16:33:00,1680539580,1.473,1.473,1.473,1.473,0.0,0.0,0
2023-04-03 16:34:00,1680539640,1.473,1.473,1.473,1.473,0.0,0.0,0
2023-04-03 16:35:00,1680539700,1.473,1.473,1.473,1.473,0.0,0.0,0
2023-04-03 16:36:00,1680539760,1.473,1.473,1.473,1.473,0.0,0.0,0
2023-04-03 16:37:00,1680539820,1.473,1.473,1.473,1.473,0.0,0.0,0
2023-04-03 16:38:00,1680539880,1.4734,1.4734,1.4734,1.4734,1.4734,85.34379887,1
2023-04-03 16:39:00,1680539940,1.4734,1.4734,1.4734,1.4734,1.4734,83.62726119,1
2023-04-03 16:40:00,1680540000,1.4734,1.4734,1.4734,1.4734,0.0,0.0,0
2023-04-03 16:41:00,1680540060,1.4734,1.4734,1.4734,1.4734,0.0,0.0,0
2023-04-03 16:42:00,1680540120,1.4734,1.4734,1.4734,1.4734,0.0,0.0,0
2023-04-03 16:43:00,1680540180,1.4734,1.4734,1.4734,1.4734,0.0,0.0,0
2023-04-03 16:44:00,1680540240,1.4734,1.4734,1.4734,1.4734,0.0,0.0,0
2023-04-03 16:45:00,1680540300,1.4734,1.4734,1.4734,1.4734,1.4734,282.57942055,2
2023-04-03 16:46:00,1680540360,1.4734,1.4734,1.4734,1.4734,0.0,0.0,0
2023-04-03 16:47:00,1680540420,1.4734,1.4734,1.4734,1.4734,0.0,0.0,0
2023-04-03 16:48:00,1680540480,1.4733,1.4733,1.4733,1.4733,1.4733,2000.0,1
2023-04-03 16:49:00,1680540540,1.4733,1.4733,1.4733,1.4733,0.0,0.0,0
2023-04-03 16:50:00,1680540600,1.4733,1.4733,1.4733,1.4733,0.0,0.0,0
2023-04-03 16:51:00,1680540660,1.4733,1.4733,1.4733,1.4733,0.0,0.0,0
2023-04-03 16:52:00,1680540720,1.4733,1.4733,1.4733,1.4733,0.0,0.0,0
2023-04-03 16:53:00,1680540780,1.4733,1.4733,1.4733,1.4733,0.0,0.0,0
2023-04-03 16:54:00,1680540840,1.4733,1.4733,1.4733,1.4733,0.0,0.0,0
2023-04-03 16:55:00,1680540900,1.4733,1.4733,1.4733,1.4733,1.4733,141.4338,1
2023-04-03 16:56:00,1680540960,1.4733,1.4733,1.4733,1.4733,0.0,0.0,0
2023-04-03 16:57:00,1680541020,1.4733,1.4733,1.4733,1.4733,0.0,0.0,0
2023-04-03 16:58:00,1680541080,1.4733,1.4733,1.4733,1.4733,0.0,0.0,0
2023-04-03 16:59:00,1680541140,1.4733,1.4733,1.4733,1.4733,0.0,0.0,0
2023-04-03 17:00:00,1680541200,1.4733,1.4733,1.4733,1.4733,0.0,0.0,0
2023-04-03 17:01:00,1680541260,1.4733,1.4733,1.4733,1.4733,0.0,0.0,0
2023-04-03 17:02:00,1680541320,1.4733,1.4733,1.4733,1.4733,0.0,0.0,0
2023-04-03 17:03:00,1680541380,1.4733,1.4733,1.4733,1.4733,0.0,0.0,0
2023-04-03 17:04:00,1680541440,1.4733,1.4733,1.4733,1.4733,0.0,0.0,0
2023-04-03 17:05:00,1680541500,1.4733,1.4733,1.4733,1.4733,0.0,0.0,0
2023-04-03 17:06:00,1680541560,1.4733,1.4733,1.4733,1.4733,0.0,0.0,0
2023-04-03 17:07:00,1680541620,1.4733,1.4733,1.4733,1.4733,0.0,0.0,0
2023-04-03 17:08:00,1680541680,1.4733,1.4733,1.4733,1.4733,0.0,0.0,0
2023-04-03 17:09:00,1680541740,1.4733,1.4733,1.4733,1.4733,0.0,0.0,0
2023-04-03 17:10:00,1680541800,1.4733,1.4733,1.4733,1.4733,0.0,0.0,0
2023-04-03 17:11:00,1680541860,1.4746,1.4746,1.4745,1.4745,1.4745,6831.48011543,3
2023-04-03 17:12:00,1680541920,1.4745,1.4745,1.4745,1.4745,0.0,0.0,0
2023-04-03 17:13:00,1680541980,1.4746,1.4746,1.4746,1.4746,1.4746,39.06091603,1
2023-04-03 17:14:00,1680542040,1.4746,1.4746,1.4746,1.4746,0.0,0.0,0
2023-04-03 17:15:00,1680542100,1.4746,1.4746,1.4746,1.4746,0.0,0.0,0
2023-04-03 17:16:00,1680542160,1.4745,1.4745,1.4745,1.4745,1.4745,19072.0606544,8
2023-04-03 17:17:00,1680542220,1.4746,1.4746,1.4745,1.4745,1.4745,253.99633982,3
2023-04-03 17:18:00,1680542280,1.4745,1.4745,1.4745,1.4745,0.0,0.0,0
2023-04-03 17:19:00,1680542340,1.4746,1.4746,1.4746,1.4746,1.4746,38.61533097,2
2023-04-03 17:20:00,1680542400,1.4746,1.4746,1.4746,1.4746,0.0,0.0,0
2023-04-03 17:21:00,1680542460,1.4745,1.4745,1.4745,1.4745,1.4745,6955.80189893,6
2023-04-03 17:22:00,1680542520,1.4745,1.4745,1.4745,1.4745,0.0,0.0,0
2023-04-03 17:23:00,1680542580,1.4745,1.4745,1.4745,1.4745,0.0,0.0,0
2023-04-03 17:24:00,1680542640,1.4745,1.4745,1.4745,1.4745,0.0,0.0,0
2023-04-03 17:25:00,1680542700,1.4745,1.4745,1.4745,1.4745,0.0,0.0,0
2023-04-03 17:26:00,1680542760,1.4745,1.4745,1.4745,1.4745,0.0,0.0,0
2023-04-03 17:27:00,1680542820,1.4745,1.4745,1.4745,1.4745,0.0,0.0,0
2023-04-03 17:28:00,1680542880,1.4745,1.4745,1.4745,1.4745,0.0,0.0,0
2023-04-03 17:29:00,1680542940,1.4745,1.4745,1.4745,1.4745,0.0,0.0,0
2023-04-03 17:30:00,1680543000,1.4745,1.4745,1.4745,1.4745,0.0,0.0,0
2023-04-03 17:31:00,1680543060,1.4745,1.4745,1.4745,1.4745,0.0,0.0,0
2023-04-03 17:32:00,1680543120,1.4745,1.4745,1.4745,1.4745,0.0,0.0,0
2023-04-03 17:33:00,1680543180,1.4745,1.4745,1.4745,1.4745,0.0,0.0,0
2023-04-03 17:34:00,1680543240,1.4745,1.4745,1.4745,1.4745,0.0,0.0,0
2023-04-03 17:35:00,1680543300,1.4745,1.4745,1.4745,1.4745,0.0,0.0,0
2023-04-03 17:36:00,1680543360,1.4746,1.4746,1.4745,1.4745,1.4745,338.48069589,2
2023-04-03 17:37:00,1680543420,1.4746,1.4748,1.4746,1.4746,1.4747,110.26868839,5
2023-04-03 17:38:00,1680543480,1.4746,1.4746,1.4745,1.4745,1.4745,350.95658263,3
2023-04-03 17:39:00,1680543540,1.4745,1.4745,1.4745,1.4745,0.0,0.0,0
2023-04-03 17:40:00,1680543600,1.4745,1.4745,1.4745,1.4745,0.0,0.0,0
2023-04-03 17:41:00,1680543660,1.4745,1.4745,1.4745,1.4745,0.0,0.0,0
2023-04-03 17:42:00,1680543720,1.4745,1.4745,1.4745,1.4745,1.4745,11392.81871491,3
2023-04-03 17:43:00,1680543780,1.4745,1.4745,1.4745,1.4745,0.0,0.0,0
2023-04-03 17:44:00,1680543840,1.4745,1.4745,1.4745,1.4745,0.0,0.0,0
2023-04-03 17:45:00,1680543900,1.4745,1.4745,1.4745,1.4745,0.0,0.0,0
2023-04-03 17:46:00,1680543960,1.4745,1.4745,1.4745,1.4745,0.0,0.0,0
2023-04-03 17:47:00,1680544020,1.4746,1.4746,1.4746,1.4746,1.4746,304.8042859,1
2023-04-03 17:48:00,1680544080,1.4746,1.4746,1.4746,1.4746,0.0,0.0,0
2023-04-03 17:49:00,1680544140,1.4746,1.4746,1.4746,1.4746,0.0,0.0,0
2023-04-03 17:50:00,1680544200,1.4746,1.4746,1.4746,1.4746,0.0,0.0,0
2023-04-03 17:51:00,1680544260,1.4746,1.4746,1.4746,1.4746,0.0,0.0,0
2023-04-03 17:52:00,1680544320,1.4746,1.4746,1.4746,1.4746,0.0,0.0,0
2023-04-03 17:53:00,1680544380,1.4746,1.4746,1.4746,1.4746,0.0,0.0,0
2023-04-03 17:54:00,1680544440,1.4746,1.4746,1.4746,1.4746,0.0,0.0,0
2023-04-03 17:55:00,1680544500,1.4746,1.4746,1.4746,1.4746,0.0,0.0,0
2023-04-03 17:56:00,1680544560,1.4751,1.4751,1.4751,1.4751,1.4751,673.91354108,4
2023-04-03 17:57:00,1680544620,1.4751,1.4751,1.4751,1.4751,0.0,0.0,0
2023-04-03 17:58:00,1680544680,1.4751,1.4751,1.4751,1.4751,0.0,0.0,0
2023-04-03 17:59:00,1680544740,1.4751,1.4751,1.4751,1.4751,0.0,0.0,0
2023-04-03 18:00:00,1680544800,1.4744,1.4744,1.4744,1.4744,1.4744,133.74192892,1
2023-04-03 18:01:00,1680544860,1.4744,1.4744,1.4744,1.4744,0.0,0.0,0
2023-04-03 18:02:00,1680544920,1.4744,1.4744,1.4744,1.4744,0.0,0.0,0
2023-04-03 18:03:00,1680544980,1.4743,1.4743,1.4743,1.4743,1.4743,20.05961138,1
2023-04-03 18:04:00,1680545040,1.4743,1.4743,1.4743,1.4743,0.0,0.0,0
2023-04-03 18:05:00,1680545100,1.4743,1.4745,1.4743,1.4745,1.4744,2067.06876272,3
2023-04-03 18:06:00,1680545160,1.4745,1.4745,1.4745,1.4745,0.0,0.0,0
2023-04-03 18:07:00,1680545220,1.4745,1.4745,1.4745,1.4745,0.0,0.0,0
2023-04-03 18:08:00,1680545280,1.4748,1.4748,1.4745,1.4745,1.4746,23.44808289,4
2023-04-03 18:09:00,1680545340,1.4745,1.4745,1.4745,1.4745,0.0,0.0,0
2023-04-03 18:10:00,1680545400,1.4745,1.4745,1.4745,1.4745,0.0,0.0,0
2023-04-03 18:11:00,1680545460,1.4752,1.4753,1.4752,1.4752,1.4752,5765.86893343,76
2023-04-03 18:12:00,1680545520,1.4752,1.4752,1.4752,1.4752,0.0,0.0,0
2023-04-03 18:13:00,1680545580,1.4752,1.4752,1.4752,1.4752,0.0,0.0,0
2023-04-03 18:14:00,1680545640,1.4752,1.4752,1.4752,1.4752,0.0,0.0,0
2023-04-03 18:15:00,1680545700,1.4752,1.4752,1.4752,1.4752,0.0,0.0,0
2023-04-03 18:16:00,1680545760,1.4751,1.4751,1.4751,1.4751,1.4751,227.74740695,1
2023-04-03 18:17:00,1680545820,1.4751,1.4751,1.4751,1.4751,0.0,0.0,0
2023-04-03 18:18:00,1680545880,1.4751,1.4751,1.4751,1.4751,0.0,0.0,0
2023-04-03 18:19:00,1680545940,1.4751,1.4751,1.4751,1.4751,0.0,0.0,0
2023-04-03 18:20:00,1680546000,1.4751,1.4751,1.4751,1.4751,0.0,0.0,0
2023-04-03 18:21:00,1680546060,1.4751,1.4751,1.4751,1.4751,0.0,0.0,0
2023-04-03 18:22:00,1680546120,1.4751,1.4751,1.4751,1.4751,0.0,0.0,0
2023-04-03 18:23:00,1680546180,1.4751,1.4751,1.4751,1.4751,0.0,0.0,0
2023-04-03 18:24:00,1680546240,1.4751,1.4751,1.4751,1.4751,0.0,0.0,0
2023-04-03 18:25:00,1680546300,1.4751,1.4751,1.4751,1.4751,0.0,0.0,0
2023-04-03 18:26:00,1680546360,1.474,1.474,1.474,1.474,1.474,5.85495251,1
2023-04-03 18:27:00,1680546420,1.474,1.474,1.474,1.474,0.0,0.0,0
2023-04-03 18:28:00,1680546480,1.474,1.474,1.474,1.474,0.0,0.0,0
2023-04-03 18:29:00,1680546540,1.474,1.474,1.474,1.474,0.0,0.0,0
2023-04-03 18:30:00,1680546600,1.474,1.474,1.474,1.474,0.0,0.0,0
2023-04-03 18:31:00,1680546660,1.474,1.474,1.474,1.474,0.0,0.0,0
2023-04-03 18:32:00,1680546720,1.4736,1.4736,1.4736,1.4736,1.4736,7.03840933,1
2023-04-03 18:33:00,1680546780,1.4736,1.4736,1.4736,1.4736,0.0,0.0,0
2023-04-03 18:34:00,1680546840,1.4736,1.4736,1.4736,1.4736,0.0,0.0,0
2023-04-03 18:35:00,1680546900,1.4736,1.4736,1.4736,1.4736,0.0,0.0,0
2023-04-03 18:36:00,1680546960,1.4736,1.4736,1.4734,1.4734,1.4735,11.45610945,2
2023-04-03 18:37:00,1680547020,1.4734,1.4734,1.4734,1.4734,0.0,0.0,0
2023-04-03 18:38:00,1680547080,1.4734,1.4734,1.4734,1.4734,0.0,0.0,0
2023-04-03 18:39:00,1680547140,1.4734,1.4734,1.4734,1.4734,0.0,0.0,0
2023-04-03 18:40:00,1680547200,1.4734,1.4734,1.4734,1.4734,0.0,0.0,0
2023-04-03 18:41:00,1680547260,1.4734,1.4734,1.4734,1.4734,0.0,0.0,0
2023-04-03 18:42:00,1680547320,1.4734,1.4734,1.4734,1.4734,0.0,0.0,0
2023-04-03 18:43:00,1680547380,1.4734,1.4734,1.4734,1.4734,0.0,0.0,0
2023-04-03 18:44:00,1680547440,1.4734,1.4734,1.4734,1.4734,0.0,0.0,0
2023-04-03 18:45:00,1680547500,1.4734,1.4734,1.4734,1.4734,0.0,0.0,0
2023-04-03 18:46:00,1680547560,1.4734,1.4734,1.4734,1.4734,0.0,0.0,0
2023-04-03 18:47:00,1680547620,1.4741,1.4741,1.4741,1.4741,1.4741,5.9270063,1
2023-04-03 18:48:00,1680547680,1.4741,1.4741,1.4741,1.4741,0.0,0.0,0
2023-04-03 18:49:00,1680547740,1.4741,1.4741,1.4741,1.4741,0.0,0.0,0
2023-04-03 18:50:00,1680547800,1.4742,1.4742,1.4742,1.4742,1.4742,5.60507393,1
2023-04-03 18:51:00,1680547860,1.4745,1.4745,1.4745,1.4745,1.4745,5.92573753,1
2023-04-03 18:52:00,1680547920,1.4745,1.4745,1.4745,1.4745,0.0,0.0,0
2023-04-03 18:53:00,1680547980,1.4745,1.4745,1.4745,1.4745,0.0,0.0,0
2023-04-03 18:54:00,1680548040,1.4742,1.4742,1.4742,1.4742,1.4742,5.63856778,1
2023-04-03 18:55:00,1680548100,1.4742,1.4742,1.4742,1.4742,0.0,0.0,0
2023-04-03 18:56:00,1680548160,1.4742,1.4742,1.4742,1.4742,0.0,0.0,0
2023-04-03 18:57:00,1680548220,1.4736,1.4736,1.4736,1.4736,1.4736,5.66768458,1
2023-04-03 18:58:00,1680548280,1.4742,1.4742,1.4742,1.4742,1.4742,59.6533,1
2023-04-03 18:59:00,1680548340,1.474,1.474,1.474,1.474,1.474,13.68012211,1
2023-04-03 19:00:00,1680548400,1.474,1.474,1.474,1.474,0.0,0.0,0
2023-04-03 19:01:00,1680548460,1.4735,1.4735,1.4735,1.4735,1.4735,5.66087625,1
2023-04-03 19:02:00,1680548520,1.4735,1.4735,1.4735,1.4735,0.0,0.0,0
2023-04-03 19:03:00,1680548580,1.4736,1.4736,1.4736,1.4736,1.4736,5.66693811,1
2023-04-03 19:04:00,1680548640,1.4736,1.4736,1.4736,1.4736,0.0,0.0,0
2023-04-03 19:05:00,1680548700,1.4736,1.4736,1.4736,1.4736,0.0,0.0,0
2023-04-03 19:06:00,1680548760,1.4727,1.4727,1.4727,1.4727,1.4727,5.66625925,1
2023-04-03 19:07:00,1680548820,1.4727,1.4727,1.4727,1.4727,0.0,0.0,0
2023-04-03 19:08:00,1680548880,1.4727,1.4727,1.4727,1.4727,0.0,0.0,0
2023-04-03 19:09:00,1680548940,1.4727,1.4727,1.4727,1.4727,0.0,0.0,0
2023-04-03 19:10:00,1680549000,1.4727,1.4727,1.4727,1.4727,0.0,0.0,0
2023-04-03 19:11:00,1680549060,1.4727,1.4727,1.4727,1.4727,0.0,0.0,0
2023-04-03 19:12:00,1680549120,1.4727,1.4727,1.4727,1.4727,0.0,0.0,0
2023-04-03 19:13:00,1680549180,1.4727,1.4727,1.4727,1.4727,0.0,0.0,0
2023-04-03 19:14:00,1680549240,1.4727,1.4727,1.4727,1.4727,0.0,0.0,0
2023-04-03 19:15:00,1680549300,1.4727,1.4727,1.4727,1.4727,0.0,0.0,0
2023-04-03 19:16:00,1680549360,1.4726,1.4726,1.4726,1.4726,1.4726,5.68416406,1
2023-04-03 19:17:00,1680549420,1.4732,1.4732,1.4732,1.4732,1.4732,7.02626934,1
2023-04-03 19:18:00,1680549480,1.4732,1.4732,1.4732,1.4732,0.0,0.0,0
2023-04-03 19:19:00,1680549540,1.4732,1.4732,1.4732,1.4732,0.0,0.0,0
2023-04-03 19:20:00,1680549600,1.4732,1.4732,1.4732,1.4732,0.0,0.0,0
2023-04-03 19:21:00,1680549660,1.4732,1.4732,1.4732,1.4732,0.0,0.0,0
2023-04-03 19:22:00,1680549720,1.4732,1.4732,1.4732,1.4732,0.0,0.0,0
2023-04-03 19:23:00,1680549780,1.4732,1.4732,1.4732,1.4732,1.4732,5.70302742,1
2023-04-03 19:24:00,1680549840,1.4732,1.4732,1.4732,1.4732,0.0,0.0,0
2023-04-03 19:25:00,1680549900,1.4732,1.4732,1.4732,1.4732,0.0,0.0,0
2023-04-03 19:26:00,1680549960,1.4732,1.4732,1.4732,1.4732,0.0,0.0,0
2023-04-03 19:27:00,1680550020,1.4732,1.4732,1.4732,1.4732,0.0,0.0,0
2023-04-03 19:28:00,1680550080,1.4732,1.4732,1.4732,1.4732,0.0,0.0,0
2023-04-03 19:29:00,1680550140,1.4732,1.4732,1.4732,1.4732,0.0,0.0,0
2023-04-03 19:30:00,1680550200,1.4733,1.4733,1.4733,1.4733,1.4733,22.50261318,1
2023-04-03 19:31:00,1680550260,1.4733,1.4733,1.4733,1.4733,0.0,0.0,0
2023-04-03 19:32:00,1680550320,1.4733,1.4733,1.4733,1.4733,0.0,0.0,0
2023-04-03 19:33:00,1680550380,1.4733,1.4733,1.4733,1.4733,0.0,0.0,0
2023-04-03 19:34:00,1680550440,1.4733,1.4733,1.4733,1.4733,0.0,0.0,0
2023-04-03 19:35:00,1680550500,1.4733,1.4733,1.4733,1.4733,0.0,0.0,0
2023-04-03 19:36:00,1680550560,1.4733,1.4733,1.4733,1.4733,0.0,0.0,0
2023-04-03 19:37:00,1680550620,1.4733,1.4733,1.4733,1.4733,0.0,0.0,0
2023-04-03 19:38:00,1680550680,1.4727,1.4727,1.4724,1.4724,1.4724,1018.5521,3
2023-04-03 19:39:00,1680550740,1.4724,1.4724,1.4724,1.4724,0.0,0.0,0
2023-04-03 19:40:00,1680550800,1.4724,1.4724,1.4724,1.4724,0.0,0.0,0
2023-04-03 19:41:00,1680550860,1.4724,1.4724,1.4724,1.4724,0.0,0.0,0
2023-04-03 19:42:00,1680550920,1.4724,1.4724,1.4724,1.4724,0.0,0.0,0
2023-04-03 19:43:00,1680550980,1.4727,1.4727,1.4727,1.4727,1.4727,5.88510898,1
2023-04-03 19:44:00,1680551040,1.4727,1.4727,1.4727,1.4727,0.0,0.0,0
2023-04-03 19:45:00,1680551100,1.4727,1.4727,1.4727,1.4727,0.0,0.0,0
2023-04-03 19:46:00,1680551160,1.4727,1.4727,1.4727,1.4727,0.0,0.0,0
2023-04-03 19:47:00,1680551220,1.4727,1.4727,1.4727,1.4727,0.0,0.0,0
2023-04-03 19:48:00,1680551280,1.4727,1.4727,1.4727,1.4727,0.0,0.0,0
2023-04-03 19:49:00,1680551340,1.4727,1.4727,1.4727,1.4727,0.0,0.0,0
2023-04-03 19:50:00,1680551400,1.4725,1.4725,1.4725,1.4725,1.4725,5.70954159,1
2023-04-03 19:51:00,1680551460,1.4725,1.4725,1.4725,1.4725,0.0,0.0,0
2023-04-03 19:52:00,1680551520,1.4725,1.4725,1.4725,1.4725,0.0,0.0,0
2023-04-03 19:53:00,1680551580,1.4725,1.4726,1.4724,1.4724,1.4724,178.38506565,7
2023-04-03 19:54:00,1680551640,1.4724,1.4724,1.4724,1.4724,1.4724,5.83788372,1
2023-04-03 19:55:00,1680551700,1.4724,1.4724,1.4724,1.4724,0.0,0.0,0
2023-04-03 19:56:00,1680551760,1.4724,1.4724,1.4724,1.4724,0.0,0.0,0
2023-04-03 19:57:00,1680551820,1.4724,1.4724,1.4724,1.4724,0.0,0.0,0
2023-04-03 19:58:00,1680551880,1.4724,1.4724,1.4724,1.4724,0.0,0.0,0
2023-04-03 19:59:00,1680551940,1.4724,1.4724,1.4724,1.4724,0.0,0.0,0
2023-04-03 20:00:00,1680552000,1.4724,1.4724,1.4724,1.4724,0.0,0.0,0
2023-04-03 20:01:00,1680552060,1.4724,1.4724,1.4724,1.4724,0.0,0.0,0
2023-04-03 20:02:00,1680552120,1.4724,1.4724,1.4724,1.4724,0.0,0.0,0
2023-04-03 20:03:00,1680552180,1.4724,1.4724,1.4724,1.4724,0.0,0.0,0
2023-04-03 20:04:00,1680552240,1.4724,1.4724,1.4724,1.4724,0.0,0.0,0
2023-04-03 20:05:00,1680552300,1.4724,1.4724,1.4724,1.4724,0.0,0.0,0
2023-04-03 20:06:00,1680552360,1.4724,1.4724,1.4724,1.4724,0.0,0.0,0
2023-04-03 20:07:00,1680552420,1.4722,1.4722,1.4722,1.4722,1.4722,5.82957478,1
2023-04-03 20:08:00,1680552480,1.4722,1.4722,1.4722,1.4722,0.0,0.0,0
2023-04-03 20:09:00,1680552540,1.4722,1.4722,1.4722,1.4722,0.0,0.0,0
2023-04-03 20:10:00,1680552600,1.4722,1.4722,1.4722,1.4722,1.4722,6.99864148,1
2023-04-03 20:11:00,1680552660,1.4722,1.4724,1.4722,1.4724,1.4722,2143.85285485,15
2023-04-03 20:12:00,1680552720,1.4724,1.4724,1.4724,1.4724,1.4724,5.50176582,1
2023-04-03 20:13:00,1680552780,1.4724,1.4727,1.4724,1.4727,1.4724,1945.07600052,6
2023-04-03 20:14:00,1680552840,1.4726,1.4726,1.4726,1.4726,1.4726,282.19903567,9
2023-04-03 20:15:00,1680552900,1.4726,1.4726,1.4725,1.4726,1.4725,702.99443148,6
2023-04-03 20:16:00,1680552960,1.4726,1.4726,1.4726,1.4726,0.0,0.0,0
2023-04-03 20:17:00,1680553020,1.4726,1.4726,1.4726,1.4726,0.0,0.0,0
2023-04-03 20:18:00,1680553080,1.4726,1.4726,1.4726,1.4726,0.0,0.0,0
2023-04-03 20:19:00,1680553140,1.4726,1.4726,1.4726,1.4726,0.0,0.0,0
2023-04-03 20:20:00,1680553200,1.4726,1.4726,1.4726,1.4726,0.0,0.0,0
2023-04-03 20:21:00,1680553260,1.4726,1.4726,1.4726,1.4726,1.4726,7.36676626,1
2023-04-03 20:22:00,1680553320,1.4726,1.4731,1.4726,1.4731,1.4729,26.8494623,3
2023-04-03 20:23:00,1680553380,1.4731,1.4731,1.4731,1.4731,0.0,0.0,0
2023-04-03 20:24:00,1680553440,1.4731,1.4731,1.4731,1.4731,0.0,0.0,0
2023-04-03 20:25:00,1680553500,1.4731,1.4731,1.4731,1.4731,0.0,0.0,0
2023-04-03 20:26:00,1680553560,1.4725,1.4725,1.4725,1.4725,1.4725,5.73921901,1
2023-04-03 20:27:00,1680553620,1.4725,1.4725,1.4725,1.4725,0.0,0.0,0
2023-04-03 20:28:00,1680553680,1.4725,1.4725,1.4725,1.4725,0.0,0.0,0
2023-04-03 20:29:00,1680553740,1.4725,1.4725,1.4725,1.4725,0.0,0.0,0
2023-04-03 20:30:00,1680553800,1.473,1.473,1.473,1.473,1.473,19.36899319,3
2023-04-03 20:31:00,1680553860,1.473,1.473,1.473,1.473,0.0,0.0,0
2023-04-03 20:32:00,1680553920,1.473,1.473,1.473,1.473,0.0,0.0,0
2023-04-03 20:33:00,1680553980,1.473,1.473,1.473,1.473,0.0,0.0,0
2023-04-03 20:34:00,1680554040,1.473,1.473,1.473,1.473,0.0,0.0,0
2023-04-03 20:35:00,1680554100,1.473,1.473,1.473,1.473,0.0,0.0,0
2023-04-03 20:36:00,1680554160,1.473,1.473,1.473,1.473,0.0,0.0,0
2023-04-03 20:37:00,1680554220,1.473,1.473,1.473,1.473,0.0,0.0,0
2023-04-03 20:38:00,1680554280,1.473,1.473,1.473,1.473,0.0,0.0,0
2023-04-03 20:39:00,1680554340,1.473,1.473,1.473,1.473,0.0,0.0,0
2023-04-03 20:40:00,1680554400,1.473,1.4735,1.473,1.4734,1.4732,3799.34057251,4
2023-04-03 20:41:00,1680554460,1.4734,1.4734,1.4734,1.4734,0.0,0.0,0
2023-04-03 20:42:00,1680554520,1.4734,1.4734,1.4734,1.4734,0.0,0.0,0
2023-04-03 20:43:00,1680554580,1.4734,1.4734,1.4734,1.4734,0.0,0.0,0
2023-04-03 20:44:00,1680554640,1.4734,1.4734,1.4734,1.4734,0.0,0.0,0
2023-04-03 20:45:00,1680554700,1.4734,1.4734,1.4734,1.4734,0.0,0.0,0
2023-04-03 20:46:00,1680554760,1.4734,1.4734,1.4734,1.4734,0.0,0.0,0
2023-04-03 20:47:00,1680554820,1.4732,1.4732,1.4732,1.4732,1.4732,5.71510996,1
2023-04-03 20:48:00,1680554880,1.4732,1.4732,1.4732,1.4732,0.0,0.0,0
2023-04-03 20:49:00,1680554940,1.4732,1.4732,1.4732,1.4732,0.0,0.0,0
2023-04-03 20:50:00,1680555000,1.4732,1.4732,1.4732,1.4732,0.0,0.0,0
2023-04-03 20:51:00,1680555060,1.4732,1.4732,1.4732,1.4732,1.4732,6.92954113,1
2023-04-03 20:52:00,1680555120,1.473,1.473,1.473,1.473,1.473,5.72315003,1
2023-04-03 20:53:00,1680555180,1.473,1.473,1.473,1.473,0.0,0.0,0
2023-04-03 20:54:00,1680555240,1.473,1.473,1.473,1.473,0.0,0.0,0
2023-04-03 20:55:00,1680555300,1.473,1.473,1.473,1.473,1.473,20.00101658,3
2023-04-03 20:56:00,1680555360,1.473,1.473,1.473,1.473,0.0,0.0,0
2023-04-03 20:57:00,1680555420,1.473,1.4757,1.473,1.4745,1.4744,15725.54275046,25
2023-04-03 20:58:00,1680555480,1.4745,1.4745,1.4742,1.4742,1.4743,4622.63637473,6
2023-04-03 20:59:00,1680555540,1.4742,1.4742,1.4742,1.4742,0.0,0.0,0
2023-04-03 21:00:00,1680555600,1.4743,1.4763,1.474,1.4757,1.4751,19461.34552565,30
2023-04-03 21:01:00,1680555660,1.4746,1.4748,1.4746,1.4748,1.4747,2053.65918684,14
2023-04-03 21:02:00,1680555720,1.4748,1.4748,1.4748,1.4748,0.0,0.0,0
2023-04-03 21:03:00,1680555780,1.4748,1.4748,1.4748,1.4748,1.4748,46.154326,2
2023-04-03 21:04:00,1680555840,1.4748,1.4748,1.4748,1.4748,0.0,0.0,0
2023-04-03 21:05:00,1680555900,1.4748,1.4748,1.4748,1.4748,1.4748,1090.62262556,5
2023-04-03 21:06:00,1680555960,1.4748,1.4748,1.4748,1.4748,0.0,0.0,0
2023-04-03 21:07:00,1680556020,1.4749,1.4749,1.4738,1.4741,1.474,15065.99207233,19
2023-04-03 21:08:00,1680556080,1.4741,1.4741,1.4738,1.4738,1.474,2104.26367174,5
2023-04-03 21:09:00,1680556140,1.4738,1.4738,1.4738,1.4738,0.0,0.0,0
2023-04-03 21:10:00,1680556200,1.4738,1.4738,1.4738,1.4738,0.0,0.0,0
2023-04-03 21:11:00,1680556260,1.4738,1.4738,1.4738,1.4738,0.0,0.0,0
2023-04-03 21:12:00,1680556320,1.4738,1.4738,1.4738,1.4738,0.0,0.0,0
2023-04-03 21:13:00,1680556380,1.4738,1.4738,1.4738,1.4738,0.0,0.0,0
2023-04-03 21:14:00,1680556440,1.4739,1.4739,1.4739,1.4739,1.4739,87.16736318,1
2023-04-03 21:15:00,1680556500,1.4739,1.4739,1.4739,1.4739,0.0,0.0,0
2023-04-03 21:16:00,1680556560,1.4739,1.4739,1.4739,1.4739,0.0,0.0,0
2023-04-03 21:17:00,1680556620,1.4739,1.4739,1.4739,1.4739,0.0,0.0,0
2023-04-03 21:18:00,1680556680,1.4739,1.4739,1.4739,1.4739,0.0,0.0,0
2023-04-03 21:19:00,1680556740,1.4739,1.4739,1.4739,1.4739,1.4739,9.99965001,1
2023-04-03 21:20:00,1680556800,1.4739,1.4739,1.4739,1.4739,1.4739,68.78801607,1
2023-04-03 21:21:00,1680556860,1.4739,1.4739,1.4739,1.4739,1.4739,32.49028113,2
2023-04-03 21:22:00,1680556920,1.4739,1.4739,1.4739,1.4739,0.0,0.0,0
2023-04-03 21:23:00,1680556980,1.4739,1.4739,1.4739,1.4739,0.0,0.0,0
2023-04-03 21:24:00,1680557040,1.4739,1.4739,1.4739,1.4739,0.0,0.0,0
2023-04-03 21:25:00,1680557100,1.4739,1.4739,1.4739,1.4739,0.0,0.0,0
2023-04-03 21:26:00,1680557160,1.4739,1.4739,1.4739,1.4739,0.0,0.0,0
2023-04-03 21:27:00,1680557220,1.4739,1.4739,1.4739,1.4739,0.0,0.0,0
2023-04-03 21:28:00,1680557280,1.4739,1.4739,1.4739,1.4739,0.0,0.0,0
2023-04-03 21:29:00,1680557340,1.4739,1.4739,1.4739,1.4739,0.0,0.0,0
2023-04-03 21:30:00,1680557400,1.4739,1.4739,1.4739,1.4739,0.0,0.0,0
2023-04-03 21:31:00,1680557460,1.4739,1.4739,1.4739,1.4739,0.0,0.0,0
2023-04-03 21:32:00,1680557520,1.4739,1.4739,1.4739,1.4739,0.0,0.0,0
2023-04-03 21:33:00,1680557580,1.4739,1.4739,1.4739,1.4739,0.0,0.0,0
2023-04-03 21:34:00,1680557640,1.4739,1.4739,1.4739,1.4739,0.0,0.0,0
2023-04-03 21:35:00,1680557700,1.4739,1.4739,1.4739,1.4739,0.0,0.0,0
2023-04-03 21:36:00,1680557760,1.4736,1.4736,1.4736,1.4736,1.4736,60.47,1
2023-04-03 21:37:00,1680557820,1.4736,1.4736,1.4736,1.4736,0.0,0.0,0
2023-04-03 21:38:00,1680557880,1.4733,1.4733,1.4733,1.4733,1.4733,37.84,1
2023-04-03 21:39:00,1680557940,1.4733,1.4733,1.4733,1.4733,0.0,0.0,0
2023-04-03 21:40:00,1680558000,1.4733,1.4733,1.4733,1.4733,0.0,0.0,0
2023-04-03 21:41:00,1680558060,1.4733,1.4733,1.4733,1.4733,0.0,0.0,0
2023-04-03 21:42:00,1680558120,1.4736,1.4736,1.4736,1.4736,1.4736,1939.53,3
2023-04-03 21:43:00,1680558180,1.4736,1.4736,1.4736,1.4736,0.0,0.0,0
2023-04-03 21:44:00,1680558240,1.4736,1.4736,1.4736,1.4736,0.0,0.0,0
2023-04-03 21:45:00,1680558300,1.4736,1.4736,1.4736,1.4736,0.0,0.0,0
2023-04-03 21:46:00,1680558360,1.4736,1.4736,1.4736,1.4736,0.0,0.0,0
2023-04-03 21:47:00,1680558420,1.4736,1.4736,1.4736,1.4736,0.0,0.0,0
2023-04-03 21:48:00,1680558480,1.4736,1.4736,1.4736,1.4736,0.0,0.0,0
2023-04-03 21:49:00,1680558540,1.4735,1.4735,1.4735,1.4735,1.4735,48.98587355,2
2023-04-03 21:50:00,1680558600,1.4735,1.4735,1.4735,1.4735,0.0,0.0,0
2023-04-03 21:51:00,1680558660,1.4735,1.4735,1.4735,1.4735,0.0,0.0,0
2023-04-03 21:52:00,1680558720,1.4735,1.4735,1.4735,1.4735,0.0,0.0,0
2023-04-03 21:53:00,1680558780,1.4735,1.4735,1.4735,1.4735,0.0,0.0,0
2023-04-03 21:54:00,1680558840,1.4735,1.4735,1.4735,1.4735,0.0,0.0,0
2023-04-03 21:55:00,1680558900,1.4735,1.4735,1.4735,1.4735,0.0,0.0,0
2023-04-03 21:56:00,1680558960,1.4735,1.4735,1.4735,1.4735,0.0,0.0,0
2023-04-03 21:57:00,1680559020,1.4735,1.4735,1.4735,1.4735,0.0,0.0,0
2023-04-03 21:58:00,1680559080,1.4735,1.4735,1.4735,1.4735,0.0,0.0,0
2023-04-03 21:59:00,1680559140,1.4735,1.4735,1.4735,1.4735,0.0,0.0,0
2023-04-03 22:00:00,1680559200,1.4735,1.4735,1.4735,1.4735,0.0,0.0,0
2023-04-03 22:01:00,1680559260,1.4735,1.4735,1.4735,1.4735,0.0,0.0,0
2023-04-03 22:02:00,1680559320,1.4737,1.4737,1.4737,1.4737,1.4737,5.51197665,1
2023-04-03 22:03:00,1680559380,1.4737,1.4737,1.4737,1.4737,0.0,0.0,0
2023-04-03 22:04:00,1680559440,1.4737,1.4737,1.4737,1.4737,0.0,0.0,0
2023-04-03 22:05:00,1680559500,1.4737,1.4737,1.4737,1.4737,0.0,0.0,0
2023-04-03 22:06:00,1680559560,1.4737,1.4737,1.4737,1.4737,0.0,0.0,0
2023-04-03 22:07:00,1680559620,1.4737,1.4737,1.4737,1.4737,1.4737,255.78067236,1
2023-04-03 22:08:00,1680559680,1.4737,1.4737,1.4737,1.4737,0.0,0.0,0
2023-04-03 22:09:00,1680559740,1.4737,1.4737,1.4737,1.4737,0.0,0.0,0
2023-04-03 22:10:00,1680559800,1.4737,1.4737,1.4737,1.4737,0.0,0.0,0
2023-04-03 22:11:00,1680559860,1.4737,1.4737,1.4737,1.4737,0.0,0.0,0
2023-04-03 22:12:00,1680559920,1.4737,1.4737,1.4737,1.4737,0.0,0.0,0
2023-04-03 22:13:00,1680559980,1.4737,1.4737,1.4737,1.4737,0.0,0.0,0
2023-04-03 22:14:00,1680560040,1.4737,1.4737,1.4737,1.4737,0.0,0.0,0
2023-04-03 22:15:00,1680560100,1.4737,1.4737,1.4737,1.4737,0.0,0.0,0
2023-04-03 22:16:00,1680560160,1.4737,1.4737,1.4737,1.4737,0.0,0.0,0
2023-04-03 22:17:00,1680560220,1.4735,1.4735,1.4735,1.4735,1.4735,283.92731591,1
2023-04-03 22:18:00,1680560280,1.4735,1.4735,1.4735,1.4735,0.0,0.0,0
2023-04-03 22:19:00,1680560340,1.473,1.473,1.4729,1.4729,1.4729,1933.8182248,4
2023-04-03 22:20:00,1680560400,1.4729,1.4729,1.4729,1.4729,0.0,0.0,0
2023-04-03 22:21:00,1680560460,1.4729,1.4729,1.4729,1.4729,0.0,0.0,0
2023-04-03 22:22:00,1680560520,1.4729,1.4729,1.4729,1.4729,0.0,0.0,0
2023-04-03 22:23:00,1680560580,1.4729,1.4729,1.4729,1.4729,0.0,0.0,0
2023-04-03 22:24:00,1680560640,1.4729,1.4729,1.4729,1.4729,0.0,0.0,0
2023-04-03 22:25:00,1680560700,1.473,1.473,1.473,1.473,1.473,2000.0,7
2023-04-03 22:26:00,1680560760,1.4731,1.4731,1.473,1.473,1.473,56.82047575,2
2023-04-03 22:27:00,1680560820,1.473,1.473,1.473,1.473,0.0,0.0,0
2023-04-03 22:28:00,1680560880,1.473,1.473,1.473,1.473,0.0,0.0,0
2023-04-03 22:29:00,1680560940,1.473,1.473,1.473,1.473,0.0,0.0,0
2023-04-03 22:30:00,1680561000,1.4731,1.4731,1.4731,1.4731,1.4731,5.8275745,1
2023-04-03 22:31:00,1680561060,1.4731,1.4731,1.4731,1.4731,0.0,0.0,0
2023-04-03 22:32:00,1680561120,1.4731,1.4731,1.4731,1.4731,0.0,0.0,0
2023-04-03 22:33:00,1680561180,1.4731,1.4731,1.4731,1.4731,0.0,0.0,0
2023-04-03 22:34:00,1680561240,1.4731,1.4731,1.4731,1.4731,0.0,0.0,0
2023-04-03 22:35:00,1680561300,1.4731,1.4731,1.4731,1.4731,0.0,0.0,0
2023-04-03 22:36:00,1680561360,1.4731,1.4731,1.4731,1.4731,0.0,0.0,0
2023-04-03 22:37:00,1680561420,1.4731,1.4731,1.4731,1.4731,0.0,0.0,0
2023-04-03 22:38:00,1680561480,1.4731,1.4731,1.4731,1.4731,0.0,0.0,0
2023-04-03 22:39:00,1680561540,1.4731,1.4731,1.4731,1.4731,0.0,0.0,0
2023-04-03 22:40:00,1680561600,1.4731,1.4731,1.4731,1.4731,0.0,0.0,0
2023-04-03 22:41:00,1680561660,1.4731,1.4731,1.4731,1.4731,0.0,0.0,0
2023-04-03 22:42:00,1680561720,1.4729,1.4729,1.4729,1.4729,1.4729,74.51200573,1
2023-04-03 22:43:00,1680561780,1.4729,1.4729,1.4729,1.4729,0.0,0.0,0
2023-04-03 22:44:00,1680561840,1.4729,1.4729,1.4729,1.4729,0.0,0.0,0
2023-04-03 22:45:00,1680561900,1.4729,1.4729,1.4729,1.4729,0.0,0.0,0
2023-04-03 22:46:00,1680561960,1.4729,1.4729,1.4729,1.4729,0.0,0.0,0
2023-04-03 22:47:00,1680562020,1.4729,1.4729,1.4729,1.4729,0.0,0.0,0
2023-04-03 22:48:00,1680562080,1.4729,1.4729,1.4729,1.4729,0.0,0.0,0
2023-04-03 22:49:00,1680562140,1.4729,1.4729,1.4729,1.4729,0.0,0.0,0
2023-04-03 22:50:00,1680562200,1.4729,1.4729,1.4729,1.4729,0.0,0.0,0
2023-04-03 22:51:00,1680562260,1.4729,1.4729,1.4729,1.4729,0.0,0.0,0
2023-04-03 22:52:00,1680562320,1.4728,1.4728,1.4728,1.4728,1.4728,2000.0,1
2023-04-03 22:53:00,1680562380,1.4728,1.4728,1.4728,1.4728,0.0,0.0,0
2023-04-03 22:54:00,1680562440,1.4726,1.4726,1.472,1.472,1.472,5600.0,4
2023-04-03 22:55:00,1680562500,1.472,1.472,1.472,1.472,0.0,0.0,0
2023-04-03 22:56:00,1680562560,1.472,1.472,1.472,1.472,0.0,0.0,0
2023-04-03 22:57:00,1680562620,1.4727,1.4727,1.4727,1.4727,1.4727,55.88400429,2
2023-04-03 22:58:00,1680562680,1.4727,1.4727,1.4727,1.4727,1.4727,18.62800144,1
2023-04-03 22:59:00,1680562740,1.4727,1.4727,1.4727,1.4727,0.0,0.0,0
2023-04-03 23:00:00,1680562800,1.4727,1.4727,1.4727,1.4727,0.0,0.0,0
2023-04-03 23:01:00,1680562860,1.4727,1.4727,1.4727,1.4727,1.4727,10.00495688,1
2023-04-03 23:02:00,1680562920,1.4725,1.4725,1.4724,1.4724,1.4724,2036.96163793,3
2023-04-03 23:03:00,1680562980,1.4724,1.4724,1.4724,1.4724,0.0,0.0,0
2023-04-03 23:04:00,1680563040,1.4724,1.4724,1.4724,1.4724,0.0,0.0,0
2023-04-03 23:05:00,1680563100,1.472,1.472,1.472,1.472,1.472,87.16875092,1
2023-04-03 23:06:00,1680563160,1.4718,1.4718,1.4718,1.4718,1.4718,17.36643157,1
2023-04-03 23:07:00,1680563220,1.4718,1.4718,1.4718,1.4718,0.0,0.0,0
2023-04-03 23:08:00,1680563280,1.4718,1.4718,1.4718,1.4718,0.0,0.0,0
2023-04-03 23:09:00,1680563340,1.4718,1.4718,1.4718,1.4718,0.0,0.0,0
2023-04-03 23:10:00,1680563400,1.4718,1.4718,1.4718,1.4718,0.0,0.0,0
2023-04-03 23:11:00,1680563460,1.4718,1.4718,1.4718,1.4718,0.0,0.0,0
2023-04-03 23:12:00,1680563520,1.4718,1.4718,1.4718,1.4718,0.0,0.0,0
2023-04-03 23:13:00,1680563580,1.4718,1.4718,1.4718,1.4718,0.0,0.0,0
2023-04-03 23:14:00,1680563640,1.4718,1.4718,1.4718,1.4718,0.0,0.0,0
2023-04-03 23:15:00,1680563700,1.4718,1.4718,1.4718,1.4718,0.0,0.0,0
2023-04-03 23:16:00,1680563760,1.4718,1.4718,1.4718,1.4718,0.0,0.0,0
2023-04-03 23:17:00,1680563820,1.4718,1.4718,1.4718,1.4718,0.0,0.0,0
2023-04-03 23:18:00,1680563880,1.4718,1.4718,1.4718,1.4718,0.0,0.0,0
2023-04-03 23:19:00,1680563940,1.4718,1.4718,1.4718,1.4718,0.0,0.0,0
2023-04-03 23:20:00,1680564000,1.4718,1.4718,1.4718,1.4718,0.0,0.0,0
2023-04-03 23:21:00,1680564060,1.4718,1.4718,1.4718,1.4718,0.0,0.0,0
2023-04-03 23:22:00,1680564120,1.4718,1.4718,1.4718,1.4718,0.0,0.0,0
2023-04-03 23:23:00,1680564180,1.4718,1.4718,1.4718,1.4718,0.0,0.0,0
2023-04-03 23:24:00,1680564240,1.4718,1.4718,1.4718,1.4718,0.0,0.0,0
2023-04-03 23:25:00,1680564300,1.4718,1.4718,1.4718,1.4718,0.0,0.0,0
2023-04-03 23:26:00,1680564360,1.472,1.472,1.472,1.472,1.472,123.05298913,1
2023-04-03 23:27:00,1680564420,1.472,1.472,1.472,1.472,1.472,262.65069721,1
2023-04-03 23:28:00,1680564480,1.472,1.472,1.472,1.472,0.0,0.0,0
2023-04-03 23:29:00,1680564540,1.472,1.472,1.472,1.472,0.0,0.0,0
2023-04-03 23:30:00,1680564600,1.472,1.472,1.472,1.472,0.0,0.0,0
2023-04-03 23:31:00,1680564660,1.472,1.472,1.472,1.472,1.472,109.53586955,1
2023-04-03 23:32:00,1680564720,1.472,1.472,1.472,1.472,0.0,0.0,0
2023-04-03 23:33:00,1680564780,1.472,1.472,1.472,1.472,0.0,0.0,0
2023-04-03 23:34:00,1680564840,1.472,1.472,1.472,1.472,1.472,326.085394,1
2023-04-03 23:35:00,1680564900,1.472,1.472,1.472,1.472,0.0,0.0,0
2023-04-03 23:36:00,1680564960,1.472,1.472,1.472,1.472,0.0,0.0,0
2023-04-03 23:37:00,1680565020,1.472,1.472,1.472,1.472,0.0,0.0,0
2023-04-03 23:38:00,1680565080,1.4714,1.4714,1.4714,1.4714,1.4714,35.0669799,1
2023-04-03 23:39:00,1680565140,1.4714,1.4714,1.4714,1.4714,0.0,0.0,0
2023-04-03 23:40:00,1680565200,1.4714,1.4714,1.4714,1.4714,0.0,0.0,0
2023-04-03 23:41:00,1680565260,1.4714,1.4714,1.4714,1.4714,0.0,0.0,0
2023-04-03 23:42:00,1680565320,1.4714,1.4714,1.4714,1.4714,0.0,0.0,0
2023-04-03 23:43:00,1680565380,1.4714,1.4714,1.4714,1.4714,0.0,0.0,0
2023-04-03 23:44:00,1680565440,1.4714,1.4714,1.4714,1.4714,0.0,0.0,0
2023-04-03 23:45:00,1680565500,1.4714,1.4714,1.4714,1.4714,0.0,0.0,0
2023-04-03 23:46:00,1680565560,1.4714,1.4714,1.4714,1.4714,0.0,0.0,0
2023-04-03 23:47:00,1680565620,1.4714,1.4714,1.4714,1.4714,0.0,0.0,0
2023-04-03 23:48:00,1680565680,1.4714,1.4714,1.4714,1.4714,0.0,0.0,0
2023-04-03 23:49:00,1680565740,1.4714,1.4714,1.4714,1.4714,0.0,0.0,0
2023-04-03 23:50:00,1680565800,1.4714,1.4714,1.4714,1.4714,0.0,0.0,0
2023-04-03 23:51:00,1680565860,1.4714,1.4714,1.4714,1.4714,0.0,0.0,0
2023-04-03 23:52:00,1680565920,1.4714,1.4714,1.4714,1.4714,0.0,0.0,0
2023-04-03 23:53:00,1680565980,1.4714,1.4715,1.4714,1.4715,1.4714,214.42826961,2
2023-04-03 23:54:00,1680566040,1.4715,1.4715,1.4715,1.4715,0.0,0.0,0
2023-04-03 23:55:00,1680566100,1.4715,1.4715,1.4715,1.4715,0.0,0.0,0
2023-04-03 23:56:00,1680566160,1.4715,1.4715,1.4715,1.4715,0.0,0.0,0
2023-04-03 23:57:00,1680566220,1.4715,1.4715,1.4715,1.4715,0.0,0.0,0
2023-04-03 23:58:00,1680566280,1.4715,1.4715,1.4715,1.4715,0.0,0.0,0
2023-04-03 23:59:00,1680566340,1.4715,1.4715,1.4715,1.4715,0.0,0.0,0
2023-04-04 00:00:00,1680566400,1.472,1.472,1.472,1.472,1.472,628.48345011,2
2023-04-04 00:01:00,1680566460,1.472,1.472,1.472,1.472,1.472,1534.15088315,1
2023-04-04 00:02:00,1680566520,1.472,1.472,1.472,1.472,0.0,0.0,0
2023-04-04 00:03:00,1680566580,1.472,1.472,1.472,1.472,0.0,0.0,0
2023-04-04 00:04:00,1680566640,1.4724,1.4724,1.4722,1.4722,1.4723,42.56091363,2
2023-04-04 00:05:00,1680566700,1.4719,1.4719,1.4719,1.4719,1.4719,81.52727767,1
2023-04-04 00:06:00,1680566760,1.4719,1.4719,1.4719,1.4719,0.0,0.0,0
2023-04-04 00:07:00,1680566820,1.4719,1.4719,1.4719,1.4719,0.0,0.0,0
2023-04-04 00:08:00,1680566880,1.4719,1.4719,1.4719,1.4719,0.0,0.0,0
2023-04-04 00:09:00,1680566940,1.4719,1.4719,1.4719,1.4719,0.0,0.0,0
2023-04-04 00:10:00,1680567000,1.4719,1.4719,1.4719,1.4719,0.0,0.0,0
2023-04-04 00:11:00,1680567060,1.4719,1.4719,1.4719,1.4719,0.0,0.0,0
2023-04-04 00:12:00,1680567120,1.4719,1.4719,1.4719,1.4719,0.0,0.0,0
2023-04-04 00:13:00,1680567180,1.4719,1.4719,1.4719,1.4719,0.0,0.0,0
2023-04-04 00:14:00,1680567240,1.4717,1.4717,1.4717,1.4717,1.4717,14.0994,1
2023-04-04 00:15:00,1680567300,1.4717,1.4717,1.4717,1.4717,0.0,0.0,0
2023-04-04 00:16:00,1680567360,1.4717,1.4717,1.4717,1.4717,0.0,0.0,0
2023-04-04 00:17:00,1680567420,1.4717,1.4717,1.4717,1.4717,0.0,0.0,0
2023-04-04 00:18:00,1680567480,1.4717,1.4717,1.4717,1.4717,0.0,0.0,0
2023-04-04 00:19:00,1680567540,1.4717,1.4717,1.4717,1.4717,0.0,0.0,0
2023-04-04 00:20:00,1680567600,1.4717,1.4717,1.4717,1.4717,0.0,0.0,0
2023-04-04 00:21:00,1680567660,1.4717,1.4717,1.4717,1.4717,0.0,0.0,0
2023-04-04 00:22:00,1680567720,1.4717,1.4717,1.4717,1.4717,0.0,0.0,0
2023-04-04 00:23:00,1680567780,1.4717,1.4717,1.4717,1.4717,0.0,0.0,0
2023-04-04 00:24:00,1680567840,1.4717,1.4717,1.4717,1.4717,0.0,0.0,0
2023-04-04 00:25:00,1680567900,1.4717,1.4717,1.4717,1.4717,0.0,0.0,0
2023-04-04 00:26:00,1680567960,1.4717,1.4717,1.4717,1.4717,0.0,0.0,0
2023-04-04 00:27:00,1680568020,1.4717,1.4717,1.4717,1.4717,0.0,0.0,0
2023-04-04 00:28:00,1680568080,1.4717,1.4717,1.4717,1.4717,0.0,0.0,0
2023-04-04 00:29:00,1680568140,1.4717,1.4717,1.4717,1.4717,0.0,0.0,0
2023-04-04 00:30:00,1680568200,1.4717,1.4717,1.4717,1.4717,0.0,0.0,0
2023-04-04 00:31:00,1680568260,1.4717,1.4717,1.4717,1.4717,0.0,0.0,0
2023-04-04 00:32:00,1680568320,1.4717,1.4717,1.4717,1.4717,0.0,0.0,0
2023-04-04 00:33:00,1680568380,1.4717,1.4717,1.4717,1.4717,0.0,0.0,0
2023-04-04 00:34:00,1680568440,1.4717,1.4717,1.4717,1.4717,1.4717,7.06801657,1
2023-04-04 00:35:00,1680568500,1.4717,1.4717,1.4717,1.4717,0.0,0.0,0
2023-04-04 00:36:00,1680568560,1.4717,1.4717,1.4717,1.4717,0.0,0.0,0
2023-04-04 00:37:00,1680568620,1.472,1.4722,1.4706,1.4711,1.471,8127.32408222,19
2023-04-04 00:38:00,1680568680,1.4712,1.472,1.4703,1.4703,1.4708,8068.18202209,14
2023-04-04 00:39:00,1680568740,1.4716,1.4717,1.4701,1.4701,1.4703,8211.50861766,11
2023-04-04 00:40:00,1680568800,1.4702,1.4719,1.4701,1.4719,1.4712,14719.8545762,10
2023-04-04 00:41:00,1680568860,1.4704,1.4716,1.4704,1.4706,1.4708,9870.86488189,11
2023-04-04 00:42:00,1680568920,1.4705,1.4717,1.4701,1.4701,1.4703,7885.22005966,13
2023-04-04 00:43:00,1680568980,1.4701,1.4714,1.47,1.4704,1.4706,13343.66765957,18
2023-04-04 00:44:00,1680569040,1.4704,1.4713,1.47,1.4705,1.4707,13282.6292317,14
2023-04-04 00:45:00,1680569100,1.4706,1.4712,1.47,1.47,1.4704,9374.72860813,15
2023-04-04 00:46:00,1680569160,1.4708,1.4709,1.469,1.4709,1.4703,17213.86247318,23
2023-04-04 00:47:00,1680569220,1.4696,1.4709,1.4696,1.4698,1.47,10487.53010917,15
2023-04-04 00:48:00,1680569280,1.47,1.471,1.469,1.4695,1.4701,11341.77188088,19
2023-04-04 00:49:00,1680569340,1.471,1.471,1.4693,1.4707,1.4703,8711.59350042,17
2023-04-04 00:50:00,1680569400,1.4713,1.4713,1.4713,1.4713,1.4713,11.20002718,1
2023-04-04 00:51:00,1680569460,1.471,1.471,1.471,1.471,1.471,9.99940003,1
2023-04-04 00:52:00,1680569520,1.471,1.471,1.471,1.471,0.0,0.0,0
2023-04-04 00:53:00,1680569580,1.471,1.471,1.471,1.471,0.0,0.0,0
2023-04-04 00:54:00,1680569640,1.4715,1.4717,1.4715,1.4717,1.4716,59.39798073,3
2023-04-04 00:55:00,1680569700,1.4721,1.4721,1.4721,1.4721,1.4721,39.49449022,1
2023-04-04 00:56:00,1680569760,1.4721,1.4721,1.4721,1.4721,0.0,0.0,0
2023-04-04 00:57:00,1680569820,1.4721,1.4721,1.4721,1.4721,0.0,0.0,0
2023-04-04 00:58:00,1680569880,1.4721,1.4721,1.4721,1.4721,0.0,0.0,0
2023-04-04 00:59:00,1680569940,1.4721,1.4721,1.4721,1.4721,0.0,0.0,0
2023-04-04 01:00:00,1680570000,1.4721,1.4721,1.4721,1.4721,0.0,0.0,0
2023-04-04 01:01:00,1680570060,1.4721,1.4721,1.4721,1.4721,0.0,0.0,0
2023-04-04 01:02:00,1680570120,1.4721,1.4721,1.4721,1.4721,0.0,0.0,0
2023-04-04 01:03:00,1680570180,1.4721,1.4721,1.4721,1.4721,0.0,0.0,0
2023-04-04 01:04:00,1680570240,1.4721,1.4721,1.4721,1.4721,0.0,0.0,0
2023-04-04 01:05:00,1680570300,1.4721,1.4721,1.4721,1.4721,0.0,0.0,0
2023-04-04 01:06:00,1680570360,1.4721,1.4721,1.4721,1.4721,0.0,0.0,0
2023-04-04 01:07:00,1680570420,1.4721,1.4721,1.4721,1.4721,0.0,0.0,0
2023-04-04 01:08:00,1680570480,1.4721,1.4721,1.4721,1.4721,0.0,0.0,0
2023-04-04 01:09:00,1680570540,1.4721,1.4721,1.4721,1.4721,0.0,0.0,0
2023-04-04 01:10:00,1680570600,1.4721,1.4721,1.4721,1.4721,0.0,0.0,0
2023-04-04 01:11:00,1680570660,1.4719,1.4719,1.4719,1.4719,1.4719,174.30847808,2
2023-04-04 01:12:00,1680570720,1.4719,1.4719,1.4719,1.4719,0.0,0.0,0
2023-04-04 01:13:00,1680570780,1.4719,1.4719,1.4719,1.4719,0.0,0.0,0
2023-04-04 01:14:00,1680570840,1.4719,1.4719,1.4719,1.4719,0.0,0.0,0
2023-04-04 01:15:00,1680570900,1.4719,1.4719,1.4719,1.4719,0.0,0.0,0
2023-04-04 01:16:00,1680570960,1.4719,1.4719,1.4719,1.4719,0.0,0.0,0
2023-04-04 01:17:00,1680571020,1.4719,1.4719,1.4719,1.4719,0.0,0.0,0
2023-04-04 01:18:00,1680571080,1.4719,1.4719,1.4719,1.4719,0.0,0.0,0
2023-04-04 01:19:00,1680571140,1.4719,1.4719,1.4719,1.4719,0.0,0.0,0
2023-04-04 01:20:00,1680571200,1.4719,1.4719,1.4719,1.4719,0.0,0.0,0
2023-04-04 01:21:00,1680571260,1.4719,1.4719,1.4719,1.4719,0.0,0.0,0
2023-04-04 01:22:00,1680571320,1.4719,1.4719,1.4719,1.4719,0.0,0.0,0
2023-04-04 01:23:00,1680571380,1.4719,1.4719,1.4719,1.4719,0.0,0.0,0
2023-04-04 01:24:00,1680571440,1.4719,1.4719,1.4719,1.4719,0.0,0.0,0
2023-04-04 01:25:00,1680571500,1.4719,1.4719,1.4719,1.4719,0.0,0.0,0
2023-04-04 01:26:00,1680571560,1.4719,1.4719,1.4719,1.4719,0.0,0.0,0
2023-04-04 01:27:00,1680571620,1.4719,1.4719,1.4719,1.4719,0.0,0.0,0
2023-04-04 01:28:00,1680571680,1.4719,1.4719,1.4719,1.4719,0.0,0.0,0
2023-04-04 01:29:00,1680571740,1.4719,1.4719,1.4719,1.4719,0.0,0.0,0
2023-04-04 01:30:00,1680571800,1.4719,1.4719,1.4719,1.4719,0.0,0.0,0
2023-04-04 01:31:00,1680571860,1.4719,1.4719,1.4719,1.4719,0.0,0.0,0
2023-04-04 01:32:00,1680571920,1.4721,1.4723,1.4721,1.4723,1.4721,2401.0,4
2023-04-04 01:33:00,1680571980,1.4722,1.4723,1.4722,1.4723,1.4722,400.0,2
2023-04-04 01:34:00,1680572040,1.4723,1.4723,1.4723,1.4723,0.0,0.0,0
2023-04-04 01:35:00,1680572100,1.4723,1.4723,1.4723,1.4723,0.0,0.0,0
2023-04-04 01:36:00,1680572160,1.4724,1.4725,1.4724,1.4725,1.4724,87.56932306,2
2023-04-04 01:37:00,1680572220,1.4725,1.4725,1.4725,1.4725,0.0,0.0,0
2023-04-04 01:38:00,1680572280,1.4725,1.4725,1.4725,1.4725,0.0,0.0,0
2023-04-04 01:39:00,1680572340,1.4725,1.4725,1.4725,1.4725,0.0,0.0,0
2023-04-04 01:40:00,1680572400,1.4725,1.4725,1.4725,1.4725,0.0,0.0,0
2023-04-04 01:41:00,1680572460,1.4725,1.4725,1.4725,1.4725,0.0,0.0,0
2023-04-04 01:42:00,1680572520,1.4725,1.4725,1.4725,1.4725,0.0,0.0,0
2023-04-04 01:43:00,1680572580,1.4725,1.4725,1.4725,1.4725,1.4725,40.91959252,1
2023-04-04 01:44:00,1680572640,1.4725,1.4725,1.4725,1.4725,0.0,0.0,0
2023-04-04 01:45:00,1680572700,1.4725,1.4725,1.4725,1.4725,0.0,0.0,0
2023-04-04 01:46:00,1680572760,1.4725,1.4725,1.4725,1.4725,0.0,0.0,0
2023-04-04 01:47:00,1680572820,1.4725,1.4725,1.4725,1.4725,0.0,0.0,0
2023-04-04 01:48:00,1680572880,1.4727,1.4728,1.4725,1.4725,1.4725,243.46610976,3
2023-04-04 01:49:00,1680572940,1.4725,1.4725,1.4725,1.4725,0.0,0.0,0
2023-04-04 01:50:00,1680573000,1.4725,1.4725,1.4725,1.4725,0.0,0.0,0
2023-04-04 01:51:00,1680573060,1.4725,1.4725,1.4725,1.4725,0.0,0.0,0
2023-04-04 01:52:00,1680573120,1.4725,1.4725,1.4725,1.4725,0.0,0.0,0
2023-04-04 01:53:00,1680573180,1.4725,1.4725,1.4725,1.4725,0.0,0.0,0
2023-04-04 01:54:00,1680573240,1.4725,1.4725,1.4725,1.4725,0.0,0.0,0
2023-04-04 01:55:00,1680573300,1.4725,1.4725,1.4725,1.4725,0.0,0.0,0
2023-04-04 01:56:00,1680573360,1.4725,1.4725,1.4725,1.4725,0.0,0.0,0
2023-04-04 01:57:00,1680573420,1.4725,1.4725,1.4725,1.4725,0.0,0.0,0
2023-04-04 01:58:00,1680573480,1.4725,1.4725,1.4725,1.4725,0.0,0.0,0
2023-04-04 01:59:00,1680573540,1.4725,1.4725,1.4725,1.4725,0.0,0.0,0
2023-04-04 02:00:00,1680573600,1.4725,1.4725,1.4725,1.4725,0.0,0.0,0
2023-04-04 02:01:00,1680573660,1.4727,1.4727,1.4727,1.4727,1.4727,32.91,1
2023-04-04 02:02:00,1680573720,1.4727,1.4727,1.4727,1.4727,0.0,0.0,0
2023-04-04 02:03:00,1680573780,1.4727,1.4727,1.4727,1.4727,0.0,0.0,0
2023-04-04 02:04:00,1680573840,1.4727,1.4727,1.4727,1.4727,0.0,0.0,0
2023-04-04 02:05:00,1680573900,1.4727,1.4727,1.4727,1.4727,0.0,0.0,0
2023-04-04 02:06:00,1680573960,1.4727,1.4727,1.4727,1.4727,0.0,0.0,0
2023-04-04 02:07:00,1680574020,1.4727,1.4727,1.4727,1.4727,0.0,0.0,0
2023-04-04 02:08:00,1680574080,1.4727,1.4727,1.4727,1.4727,0.0,0.0,0
2023-04-04 02:09:00,1680574140,1.4727,1.4727,1.4727,1.4727,0.0,0.0,0
2023-04-04 02:10:00,1680574200,1.4736,1.4737,1.4736,1.4737,1.4736,894.66229069,3
2023-04-04 02:11:00,1680574260,1.4737,1.4737,1.4737,1.4737,0.0,0.0,0
2023-04-04 02:12:00,1680574320,1.4737,1.4737,1.4737,1.4737,0.0,0.0,0
2023-04-04 02:13:00,1680574380,1.4737,1.4737,1.4737,1.4737,0.0,0.0,0
2023-04-04 02:14:00,1680574440,1.4737,1.4737,1.4737,1.4737,0.0,0.0,0
2023-04-04 02:15:00,1680574500,1.4737,1.4737,1.4737,1.4737,0.0,0.0,0
2023-04-04 02:16:00,1680574560,1.4737,1.4737,1.4737,1.4737,1.4737,10.01642125,1
2023-04-04 02:17:00,1680574620,1.4737,1.4737,1.4737,1.4737,1.4737,173.70091825,1
2023-04-04 02:18:00,1680574680,1.4737,1.4737,1.4737,1.4737,0.0,0.0,0
2023-04-04 02:19:00,1680574740,1.4737,1.4737,1.4737,1.4737,0.0,0.0,0
2023-04-04 02:20:00,1680574800,1.4737,1.4737,1.4737,1.4737,0.0,0.0,0
2023-04-04 02:21:00,1680574860,1.4737,1.4737,1.4737,1.4737,0.0,0.0,0
2023-04-04 02:22:00,1680574920,1.4737,1.4737,1.4737,1.4737,0.0,0.0,0
2023-04-04 02:23:00,1680574980,1.4737,1.4737,1.4737,1.4737,0.0,0.0,0
2023-04-04 02:24:00,1680575040,1.4737,1.4737,1.4737,1.4737,0.0,0.0,0
2023-04-04 02:25:00,1680575100,1.4737,1.4737,1.4737,1.4737,0.0,0.0,0
2023-04-04 02:26:00,1680575160,1.4737,1.4737,1.4737,1.4737,0.0,0.0,0
2023-04-04 02:27:00,1680575220,1.4737,1.4737,1.4737,1.4737,0.0,0.0,0
2023-04-04 02:28:00,1680575280,1.4744,1.4751,1.4744,1.4751,1.4749,38440.22706771,19
2023-04-04 02:29:00,1680575340,1.4751,1.4751,1.4747,1.475,1.4749,29771.87583119,11
2023-04-04 02:30:00,1680575400,1.475,1.475,1.4749,1.4749,1.4749,4019.75266182,5
2023-04-04 02:31:00,1680575460,1.4748,1.4748,1.4748,1.4748,1.4748,62.14590497,3
2023-04-04 02:32:00,1680575520,1.4748,1.4748,1.4748,1.4748,1.4748,45.92256206,3
2023-04-04 02:33:00,1680575580,1.4748,1.4748,1.4748,1.4748,0.0,0.0,0
2023-04-04 02:34:00,1680575640,1.4748,1.4748,1.4748,1.4748,0.0,0.0,0
2023-04-04 02:35:00,1680575700,1.4748,1.4748,1.4748,1.4748,0.0,0.0,0
2023-04-04 02:36:00,1680575760,1.4749,1.4749,1.4749,1.4749,1.4749,144.46723072,3
2023-04-04 02:37:00,1680575820,1.4749,1.4749,1.4749,1.4749,0.0,0.0,0
2023-04-04 02:38:00,1680575880,1.4751,1.4751,1.475,1.475,1.475,2163.19208757,6
2023-04-04 02:39:00,1680575940,1.475,1.475,1.475,1.475,0.0,0.0,0
2023-04-04 02:40:00,1680576000,1.475,1.475,1.475,1.475,0.0,0.0,0
2023-04-04 02:41:00,1680576060,1.475,1.475,1.475,1.475,0.0,0.0,0
2023-04-04 02:42:00,1680576120,1.475,1.475,1.475,1.475,0.0,0.0,0
2023-04-04 02:43:00,1680576180,1.475,1.475,1.475,1.475,0.0,0.0,0
2023-04-04 02:44:00,1680576240,1.475,1.475,1.475,1.475,0.0,0.0,0
2023-04-04 02:45:00,1680576300,1.475,1.475,1.475,1.475,0.0,0.0,0
2023-04-04 02:46:00,1680576360,1.475,1.475,1.475,1.475,0.0,0.0,0
2023-04-04 02:47:00,1680576420,1.475,1.475,1.475,1.475,0.0,0.0,0
2023-04-04 02:48:00,1680576480,1.475,1.475,1.475,1.475,0.0,0.0,0
2023-04-04 02:49:00,1680576540,1.475,1.475,1.475,1.475,1.475,10.41,1
2023-04-04 02:50:00,1680576600,1.475,1.475,1.475,1.475,0.0,0.0,0
2023-04-04 02:51:00,1680576660,1.475,1.475,1.475,1.475,0.0,0.0,0
2023-04-04 02:52:00,1680576720,1.475,1.475,1.475,1.475,0.0,0.0,0
2023-04-04 02:53:00,1680576780,1.4751,1.4751,1.4751,1.4751,1.4751,16.50842469,1
2023-04-04 02:54:00,1680576840,1.4751,1.4751,1.4751,1.4751,0.0,0.0,0
2023-04-04 02:55:00,1680576900,1.4751,1.4751,1.4751,1.4751,0.0,0.0,0
2023-04-04 02:56:00,1680576960,1.4751,1.4751,1.4751,1.4751,0.0,0.0,0
2023-04-04 02:57:00,1680577020,1.4751,1.4751,1.4751,1.4751,0.0,0.0,0
2023-04-04 02:58:00,1680577080,1.4751,1.4751,1.4751,1.4751,0.0,0.0,0
2023-04-04 02:59:00,1680577140,1.4751,1.4751,1.4751,1.4751,0.0,0.0,0
2023-04-04 03:00:00,1680577200,1.4751,1.4751,1.4751,1.4751,0.0,0.0,0
2023-04-04 03:01:00,1680577260,1.475,1.475,1.475,1.475,1.475,10.00630508,1
2023-04-04 03:02:00,1680577320,1.475,1.475,1.475,1.475,0.0,0.0,0
2023-04-04 03:03:00,1680577380,1.475,1.475,1.475,1.475,0.0,0.0,0
2023-04-04 03:04:00,1680577440,1.475,1.475,1.475,1.475,0.0,0.0,0
2023-04-04 03:05:00,1680577500,1.475,1.475,1.475,1.475,1.475,11008.16020338,2
2023-04-04 03:06:00,1680577560,1.475,1.475,1.475,1.475,0.0,0.0,0
2023-04-04 03:07:00,1680577620,1.475,1.475,1.475,1.475,0.0,0.0,0
2023-04-04 03:08:00,1680577680,1.4749,1.4749,1.4748,1.4748,1.4748,9822.91525544,9
2023-04-04 03:09:00,1680577740,1.4748,1.4748,1.4748,1.4748,0.0,0.0,0
2023-04-04 03:10:00,1680577800,1.4748,1.4748,1.4748,1.4748,0.0,0.0,0
2023-04-04 03:11:00,1680577860,1.4748,1.4748,1.4728,1.4728,1.4742,22262.68109387,10
2023-04-04 03:12:00,1680577920,1.4728,1.4728,1.4728,1.4728,0.0,0.0,0
2023-04-04 03:13:00,1680577980,1.4728,1.4728,1.4728,1.4728,0.0,0.0,0
2023-04-04 03:14:00,1680578040,1.4728,1.4728,1.4728,1.4728,0.0,0.0,0
2023-04-04 03:15:00,1680578100,1.4728,1.4728,1.4728,1.4728,0.0,0.0,0
2023-04-04 03:16:00,1680578160,1.4728,1.4728,1.4728,1.4728,0.0,0.0,0
2023-04-04 03:17:00,1680578220,1.4728,1.4728,1.4728,1.4728,0.0,0.0,0
2023-04-04 03:18:00,1680578280,1.4728,1.4728,1.4728,1.4728,0.0,0.0,0
2023-04-04 03:19:00,1680578340,1.4739,1.4743,1.4739,1.4743,1.4741,3500.0,7
2023-04-04 03:20:00,1680578400,1.4743,1.4743,1.4743,1.4743,0.0,0.0,0
2023-04-04 03:21:00,1680578460,1.4743,1.4743,1.4743,1.4743,0.0,0.0,0
2023-04-04 03:22:00,1680578520,1.4743,1.4743,1.4743,1.4743,0.0,0.0,0
2023-04-04 03:23:00,1680578580,1.4743,1.4743,1.4743,1.4743,0.0,0.0,0
2023-04-04 03:24:00,1680578640,1.4743,1.4743,1.4743,1.4743,0.0,0.0,0
2023-04-04 03:25:00,1680578700,1.4733,1.4733,1.473,1.473,1.473,3794.75,7
2023-04-04 03:26:00,1680578760,1.4729,1.4735,1.472,1.472,1.4725,11397.81308109,16
2023-04-04 03:27:00,1680578820,1.4734,1.4734,1.4719,1.4719,1.4724,14346.44727057,21
2023-04-04 03:28:00,1680578880,1.4723,1.4732,1.4715,1.4722,1.4722,15863.99682281,25
2023-04-04 03:29:00,1680578940,1.472,1.4731,1.4715,1.4718,1.4722,16076.54581317,21
2023-04-04 03:30:00,1680579000,1.472,1.4729,1.4708,1.4714,1.4718,18263.6816536,29
2023-04-04 03:31:00,1680579060,1.4728,1.4728,1.471,1.4714,1.4718,14171.67305438,25
2023-04-04 03:32:00,1680579120,1.4725,1.4729,1.4711,1.4727,1.4723,12010.29161612,14
2023-04-04 03:33:00,1680579180,1.4727,1.4727,1.4727,1.4727,0.0,0.0,0
2023-04-04 03:34:00,1680579240,1.473,1.4732,1.473,1.4732,1.4731,2407.0,3
2023-04-04 03:35:00,1680579300,1.4732,1.4732,1.4732,1.4732,0.0,0.0,0
2023-04-04 03:36:00,1680579360,1.4732,1.4732,1.4732,1.4732,0.0,0.0,0
2023-04-04 03:37:00,1680579420,1.4732,1.4732,1.4732,1.4732,0.0,0.0,0
2023-04-04 03:38:00,1680579480,1.4732,1.4732,1.473,1.473,1.4731,52.80339701,2
2023-04-04 03:39:00,1680579540,1.473,1.473,1.473,1.473,0.0,0.0,0
2023-04-04 03:40:00,1680579600,1.473,1.473,1.473,1.473,0.0,0.0,0
2023-04-04 03:41:00,1680579660,1.473,1.473,1.473,1.473,0.0,0.0,0
2023-04-04 03:42:00,1680579720,1.473,1.473,1.473,1.473,0.0,0.0,0
2023-04-04 03:43:00,1680579780,1.473,1.473,1.473,1.473,0.0,0.0,0
2023-04-04 03:44:00,1680579840,1.473,1.473,1.473,1.473,0.0,0.0,0
2023-04-04 03:45:00,1680579900,1.473,1.473,1.473,1.473,0.0,0.0,0
2023-04-04 03:46:00,1680579960,1.473,1.473,1.473,1.473,0.0,0.0,0
2023-04-04 03:47:00,1680580020,1.473,1.473,1.473,1.473,0.0,0.0,0
2023-04-04 03:48:00,1680580080,1.4731,1.4731,1.4731,1.4731,1.4731,13.30378114,1
2023-04-04 03:49:00,1680580140,1.4731,1.4731,1.4731,1.4731,0.0,0.0,0
2023-04-04 03:50:00,1680580200,1.4727,1.4727,1.4727,1.4727,1.4727,500.0,1
2023-04-04 03:51:00,1680580260,1.4727,1.4727,1.4727,1.4727,0.0,0.0,0
2023-04-04 03:52:00,1680580320,1.4727,1.4727,1.4727,1.4727,0.0,0.0,0
2023-04-04 03:53:00,1680580380,1.4727,1.4727,1.4727,1.4727,0.0,0.0,0
2023-04-04 03:54:00,1680580440,1.4727,1.4727,1.4727,1.4727,0.0,0.0,0
2023-04-04 03:55:00,1680580500,1.4727,1.4727,1.4727,1.4727,0.0,0.0,0
2023-04-04 03:56:00,1680580560,1.4727,1.4727,1.4727,1.4727,0.0,0.0,0
2023-04-04 03:57:00,1680580620,1.4731,1.4731,1.4731,1.4731,1.4731,86.97347653,1
2023-04-04 03:58:00,1680580680,1.4731,1.4731,1.4731,1.4731,0.0,0.0,0
2023-04-04 03:59:00,1680580740,1.4731,1.4731,1.4731,1.4731,0.0,0.0,0
2023-04-04 04:00:00,1680580800,1.4731,1.4731,1.4731,1.4731,0.0,0.0,0
2023-04-04 04:01:00,1680580860,1.4731,1.4731,1.4731,1.4731,0.0,0.0,0
2023-04-04 04:02:00,1680580920,1.4731,1.4731,1.4731,1.4731,0.0,0.0,0
2023-04-04 04:03:00,1680580980,1.4731,1.4731,1.4731,1.4731,0.0,0.0,0
2023-04-04 04:04:00,1680581040,1.4731,1.4731,1.4731,1.4731,0.0,0.0,0
2023-04-04 04:05:00,1680581100,1.4731,1.4731,1.4731,1.4731,0.0,0.0,0
2023-04-04 04:06:00,1680581160,1.4731,1.4731,1.4731,1.4731,0.0,0.0,0
2023-04-04 04:07:00,1680581220,1.4731,1.4731,1.4731,1.4731,0.0,0.0,0
2023-04-04 04:08:00,1680581280,1.4731,1.4731,1.4731,1.4731,0.0,0.0,0
2023-04-04 04:09:00,1680581340,1.4731,1.4731,1.4731,1.4731,0.0,0.0,0
2023-04-04 04:10:00,1680581400,1.4731,1.4731,1.4731,1.4731,0.0,0.0,0
2023-04-04 04:11:00,1680581460,1.4731,1.4731,1.4731,1.4731,0.0,0.0,0
2023-04-04 04:12:00,1680581520,1.4731,1.4731,1.4731,1.4731,0.0,0.0,0
2023-04-04 04:13:00,1680581580,1.4731,1.4731,1.4731,1.4731,0.0,0.0,0
2023-04-04 04:14:00,1680581640,1.4731,1.4731,1.4731,1.4731,0.0,0.0,0
2023-04-04 04:15:00,1680581700,1.4731,1.4731,1.4731,1.4731,0.0,0.0,0
2023-04-04 04:16:00,1680581760,1.4732,1.4732,1.4732,1.4732,1.4732,500.0,2
2023-04-04 04:17:00,1680581820,1.4733,1.4735,1.4733,1.4735,1.4734,400.15227619,2
2023-04-04 04:18:00,1680581880,1.4735,1.4735,1.4735,1.4735,0.0,0.0,0
2023-04-04 04:19:00,1680581940,1.4735,1.4735,1.4735,1.4735,0.0,0.0,0
2023-04-04 04:20:00,1680582000,1.4728,1.4728,1.4727,1.4727,1.4727,3080.56881218,3
2023-04-04 04:21:00,1680582060,1.4727,1.4727,1.4727,1.4727,0.0,0.0,0
2023-04-04 04:22:00,1680582120,1.4727,1.4727,1.4727,1.4727,0.0,0.0,0
2023-04-04 04:23:00,1680582180,1.4727,1.4727,1.4727,1.4727,0.0,0.0,0
2023-04-04 04:24:00,1680582240,1.4727,1.4727,1.4727,1.4727,0.0,0.0,0
2023-04-04 04:25:00,1680582300,1.4727,1.4727,1.4727,1.4727,0.0,0.0,0
2023-04-04 04:26:00,1680582360,1.4713,1.4722,1.471,1.4715,1.4715,4051.05727565,9
2023-04-04 04:27:00,1680582420,1.4715,1.4715,1.4714,1.4714,1.4714,925.92321501,3
2023-04-04 04:28:00,1680582480,1.4714,1.4714,1.4714,1.4714,0.0,0.0,0
2023-04-04 04:29:00,1680582540,1.4714,1.4714,1.4708,1.4708,1.4708,3077.74680446,4
2023-04-04 04:30:00,1680582600,1.4708,1.4708,1.4708,1.4708,0.0,0.0,0
2023-04-04 04:31:00,1680582660,1.4723,1.4723,1.4723,1.4723,1.4723,7.42273993,1
2023-04-04 04:32:00,1680582720,1.4723,1.4723,1.4723,1.4723,0.0,0.0,0
2023-04-04 04:33:00,1680582780,1.4725,1.4725,1.4725,1.4725,1.4725,87.17349562,1
2023-04-04 04:34:00,1680582840,1.4734,1.4737,1.4734,1.4737,1.4734,1184.91907018,2
2023-04-04 04:35:00,1680582900,1.4737,1.4737,1.4737,1.4737,0.0,0.0,0
2023-04-04 04:36:00,1680582960,1.4737,1.4737,1.4737,1.4737,0.0,0.0,0
2023-04-04 04:37:00,1680583020,1.4737,1.4737,1.4737,1.4737,0.0,0.0,0
2023-04-04 04:38:00,1680583080,1.4737,1.4737,1.4737,1.4737,0.0,0.0,0
2023-04-04 04:39:00,1680583140,1.4745,1.4745,1.4745,1.4745,1.4745,999.84502402,1
2023-04-04 04:40:00,1680583200,1.4745,1.4745,1.4745,1.4745,0.0,0.0,0
2023-04-04 04:41:00,1680583260,1.4749,1.475,1.4749,1.475,1.4749,1348.00114481,2
2023-04-04 04:42:00,1680583320,1.475,1.475,1.475,1.475,0.0,0.0,0
2023-04-04 04:43:00,1680583380,1.475,1.475,1.475,1.475,0.0,0.0,0
2023-04-04 04:44:00,1680583440,1.475,1.475,1.475,1.475,0.0,0.0,0
2023-04-04 04:45:00,1680583500,1.4766,1.4768,1.4766,1.4768,1.4767,1615.07212149,3
2023-04-04 04:46:00,1680583560,1.4768,1.4768,1.4768,1.4768,0.0,0.0,0
2023-04-04 04:47:00,1680583620,1.4768,1.4768,1.4768,1.4768,0.0,0.0,0
2023-04-04 04:48:00,1680583680,1.4768,1.4768,1.4768,1.4768,0.0,0.0,0
2023-04-04 04:49:00,1680583740,1.4768,1.4768,1.4768,1.4768,0.0,0.0,0
2023-04-04 04:50:00,1680583800,1.4768,1.4768,1.4768,1.4768,0.0,0.0,0
2023-04-04 04:51:00,1680583860,1.4768,1.4768,1.4768,1.4768,0.0,0.0,0
2023-04-04 04:52:00,1680583920,1.4768,1.4768,1.4768,1.4768,0.0,0.0,0
2023-04-04 04:53:00,1680583980,1.4768,1.4768,1.4768,1.4768,0.0,0.0,0
2023-04-04 04:54:00,1680584040,1.4768,1.4768,1.4768,1.4768,0.0,0.0,0
2023-04-04 04:55:00,1680584100,1.4768,1.4768,1.4768,1.4768,0.0,0.0,0
2023-04-04 04:56:00,1680584160,1.4768,1.4768,1.4768,1.4768,0.0,0.0,0
2023-04-04 04:57:00,1680584220,1.4768,1.4768,1.4768,1.4768,0.0,0.0,0
2023-04-04 04:58:00,1680584280,1.4768,1.4768,1.4768,1.4768,0.0,0.0,0
2023-04-04 04:59:00,1680584340,1.4768,1.4768,1.4768,1.4768,0.0,0.0,0
2023-04-04 05:00:00,1680584400,1.4768,1.4768,1.4768,1.4768,0.0,0.0,0
2023-04-04 05:01:00,1680584460,1.4768,1.4768,1.4768,1.4768,0.0,0.0,0
2023-04-04 05:02:00,1680584520,1.4768,1.4768,1.4768,1.4768,0.0,0.0,0
2023-04-04 05:03:00,1680584580,1.4768,1.4768,1.4768,1.4768,0.0,0.0,0
2023-04-04 05:04:00,1680584640,1.4768,1.4768,1.4768,1.4768,0.0,0.0,0
2023-04-04 05:05:00,1680584700,1.4768,1.4768,1.4768,1.4768,0.0,0.0,0
2023-04-04 05:06:00,1680584760,1.4768,1.4768,1.4768,1.4768,0.0,0.0,0
2023-04-04 05:07:00,1680584820,1.4768,1.4768,1.4768,1.4768,0.0,0.0,0
2023-04-04 05:08:00,1680584880,1.4768,1.4768,1.4768,1.4768,0.0,0.0,0
2023-04-04 05:09:00,1680584940,1.4768,1.4768,1.4768,1.4768,0.0,0.0,0
2023-04-04 05:10:00,1680585000,1.4768,1.4768,1.4768,1.4768,0.0,0.0,0
2023-04-04 05:11:00,1680585060,1.4768,1.4768,1.4768,1.4768,0.0,0.0,0
2023-04-04 05:12:00,1680585120,1.4768,1.4768,1.4768,1.4768,0.0,0.0,0
2023-04-04 05:13:00,1680585180,1.4768,1.4768,1.4768,1.4768,0.0,0.0,0
2023-04-04 05:14:00,1680585240,1.4768,1.4768,1.4768,1.4768,0.0,0.0,0
2023-04-04 05:15:00,1680585300,1.4765,1.4765,1.4765,1.4765,1.4765,61.37189299,1
2023-04-04 05:16:00,1680585360,1.4765,1.4765,1.4765,1.4765,0.0,0.0,0
2023-04-04 05:17:00,1680585420,1.4765,1.4765,1.4765,1.4765,0.0,0.0,0
2023-04-04 05:18:00,1680585480,1.4765,1.4765,1.4765,1.4765,0.0,0.0,0
2023-04-04 05:19:00,1680585540,1.4765,1.4765,1.4765,1.4765,0.0,0.0,0
2023-04-04 05:20:00,1680585600,1.4765,1.4765,1.4765,1.4765,0.0,0.0,0
2023-04-04 05:21:00,1680585660,1.4765,1.4765,1.4765,1.4765,0.0,0.0,0
2023-04-04 05:22:00,1680585720,1.4765,1.4765,1.4765,1.4765,0.0,0.0,0
2023-04-04 05:23:00,1680585780,1.4765,1.4765,1.4765,1.4765,0.0,0.0,0
2023-04-04 05:24:00,1680585840,1.4765,1.4765,1.4765,1.4765,0.0,0.0,0
2023-04-04 05:25:00,1680585900,1.4765,1.4765,1.4765,1.4765,0.0,0.0,0
2023-04-04 05:26:00,1680585960,1.4765,1.4765,1.4765,1.4765,0.0,0.0,0
2023-04-04 05:27:00,1680586020,1.4765,1.4765,1.4765,1.4765,0.0,0.0,0
2023-04-04 05:28:00,1680586080,1.4764,1.4764,1.4764,1.4764,1.4764,24.41114327,1
2023-04-04 05:29:00,1680586140,1.4763,1.4763,1.4763,1.4763,1.4763,26.08216487,1
2023-04-04 05:30:00,1680586200,1.4763,1.4763,1.4763,1.4763,0.0,0.0,0
2023-04-04 05:31:00,1680586260,1.4763,1.4763,1.4763,1.4763,0.0,0.0,0
2023-04-04 05:32:00,1680586320,1.4752,1.4752,1.4752,1.4752,1.4752,12.45,1
2023-04-04 05:33:00,1680586380,1.4752,1.4752,1.4752,1.4752,0.0,0.0,0
2023-04-04 05:34:00,1680586440,1.4752,1.4752,1.4752,1.4752,0.0,0.0,0
2023-04-04 05:35:00,1680586500,1.4769,1.4774,1.4769,1.4774,1.4773,2712.10767251,10
2023-04-04 05:36:00,1680586560,1.4774,1.4774,1.4774,1.4774,0.0,0.0,0
2023-04-04 05:37:00,1680586620,1.4774,1.4774,1.4774,1.4774,0.0,0.0,0
2023-04-04 05:38:00,1680586680,1.4774,1.4774,1.4774,1.4774,0.0,0.0,0
2023-04-04 05:39:00,1680586740,1.4774,1.4774,1.4774,1.4774,0.0,0.0,0
2023-04-04 05:40:00,1680586800,1.4774,1.4774,1.4774,1.4774,0.0,0.0,0
2023-04-04 05:41:00,1680586860,1.4774,1.4774,1.4774,1.4774,0.0,0.0,0
2023-04-04 05:42:00,1680586920,1.4763,1.4763,1.4763,1.4763,1.4763,10.88761509,1
2023-04-04 05:43:00,1680586980,1.4763,1.4763,1.4763,1.4763,0.0,0.0,0
2023-04-04 05:44:00,1680587040,1.4763,1.4763,1.4763,1.4763,0.0,0.0,0
2023-04-04 05:45:00,1680587100,1.4763,1.4763,1.4763,1.4763,0.0,0.0,0
2023-04-04 05:46:00,1680587160,1.4763,1.4763,1.4763,1.4763,0.0,0.0,0
2023-04-04 05:47:00,1680587220,1.4773,1.4779,1.4773,1.4779,1.4778,1062.5,3
2023-04-04 05:48:00,1680587280,1.4779,1.4779,1.4779,1.4779,0.0,0.0,0
2023-04-04 05:49:00,1680587340,1.4779,1.4779,1.4779,1.4779,0.0,0.0,0
2023-04-04 05:50:00,1680587400,1.4764,1.4764,1.4764,1.4764,1.4764,10.45,1
2023-04-04 05:51:00,1680587460,1.4764,1.4764,1.4764,1.4764,0.0,0.0,0
2023-04-04 05:52:00,1680587520,1.4764,1.4764,1.4764,1.4764,0.0,0.0,0
2023-04-04 05:53:00,1680587580,1.4764,1.4764,1.4764,1.4764,0.0,0.0,0
2023-04-04 05:54:00,1680587640,1.4764,1.4764,1.4764,1.4764,0.0,0.0,0
2023-04-04 05:55:00,1680587700,1.4764,1.4764,1.4764,1.4764,0.0,0.0,0
2023-04-04 05:56:00,1680587760,1.4764,1.4764,1.4764,1.4764,0.0,0.0,0
2023-04-04 05:57:00,1680587820,1.4764,1.4764,1.4764,1.4764,0.0,0.0,0
2023-04-04 05:58:00,1680587880,1.4772,1.4777,1.4772,1.4777,1.4775,337.53479833,3
2023-04-04 05:59:00,1680587940,1.4778,1.4778,1.4777,1.4778,1.4777,735.23105842,10
2023-04-04 06:00:00,1680588000,1.4778,1.4778,1.4778,1.4778,0.0,0.0,0
2023-04-04 06:01:00,1680588060,1.4778,1.4778,1.4778,1.4778,0.0,0.0,0
2023-04-04 06:02:00,1680588120,1.4778,1.4778,1.4778,1.4778,0.0,0.0,0
2023-04-04 06:03:00,1680588180,1.4778,1.4778,1.4778,1.4778,0.0,0.0,0
2023-04-04 06:04:00,1680588240,1.4781,1.479,1.4781,1.479,1.4789,2064.9765014,4
2023-04-04 06:05:00,1680588300,1.479,1.479,1.479,1.479,0.0,0.0,0
2023-04-04 06:06:00,1680588360,1.479,1.479,1.479,1.479,0.0,0.0,0
2023-04-04 06:07:00,1680588420,1.479,1.479,1.479,1.479,0.0,0.0,0
2023-04-04 06:08:00,1680588480,1.4797,1.4808,1.4796,1.4799,1.4803,26014.94002951,17
2023-04-04 06:09:00,1680588540,1.4798,1.48,1.4797,1.4797,1.4797,9013.24897708,8
2023-04-04 06:10:00,1680588600,1.4797,1.4797,1.4797,1.4797,0.0,0.0,0
2023-04-04 06:11:00,1680588660,1.4798,1.4798,1.4797,1.4797,1.4797,3356.87939399,3
2023-04-04 06:12:00,1680588720,1.4799,1.4799,1.4799,1.4799,1.4799,400.1350027,1
2023-04-04 06:13:00,1680588780,1.4799,1.4799,1.4799,1.4799,0.0,0.0,0
2023-04-04 06:14:00,1680588840,1.4799,1.4799,1.4799,1.4799,0.0,0.0,0
2023-04-04 06:15:00,1680588900,1.4799,1.4799,1.4799,1.4799,0.0,0.0,0
2023-04-04 06:16:00,1680588960,1.4799,1.4799,1.4799,1.4799,0.0,0.0,0
2023-04-04 06:17:00,1680589020,1.4797,1.4797,1.4797,1.4797,1.4797,87.12152251,1
2023-04-04 06:18:00,1680589080,1.4797,1.4797,1.4797,1.4797,0.0,0.0,0
2023-04-04 06:19:00,1680589140,1.4797,1.4797,1.4797,1.4797,0.0,0.0,0
2023-04-04 06:20:00,1680589200,1.4797,1.4797,1.4797,1.4797,0.0,0.0,0
2023-04-04 06:21:00,1680589260,1.4797,1.4797,1.4797,1.4797,0.0,0.0,0
2023-04-04 06:22:00,1680589320,1.4797,1.4797,1.4797,1.4797,0.0,0.0,0
2023-04-04 06:23:00,1680589380,1.4797,1.4797,1.4797,1.4797,0.0,0.0,0
2023-04-04 06:24:00,1680589440,1.4797,1.4797,1.4797,1.4797,0.0,0.0,0
2023-04-04 06:25:00,1680589500,1.4797,1.4797,1.4797,1.4797,0.0,0.0,0
2023-04-04 06:26:00,1680589560,1.4797,1.4797,1.4797,1.4797,0.0,0.0,0
2023-04-04 06:27:00,1680589620,1.4797,1.4797,1.4797,1.4797,0.0,0.0,0
2023-04-04 06:28:00,1680589680,1.4797,1.4797,1.4797,1.4797,0.0,0.0,0
2023-04-04 06:29:00,1680589740,1.4797,1.4797,1.4797,1.4797,0.0,0.0,0
2023-04-04 06:30:00,1680589800,1.4795,1.4807,1.4795,1.4807,1.4801,5404.21438925,7
2023-04-04 06:31:00,1680589860,1.4794,1.4794,1.4792,1.4792,1.4793,5341.0,8
2023-04-04 06:32:00,1680589920,1.4792,1.4792,1.4792,1.4792,0.0,0.0,0
2023-04-04 06:33:00,1680589980,1.4792,1.4792,1.4792,1.4792,0.0,0.0,0
2023-04-04 06:34:00,1680590040,1.4793,1.4793,1.4793,1.4793,1.4793,25.58825677,1
2023-04-04 06:35:00,1680590100,1.4793,1.4793,1.4793,1.4793,0.0,0.0,0
2023-04-04 06:36:00,1680590160,1.4793,1.4794,1.4793,1.4794,1.4793,337.54164529,2
2023-04-04 06:37:00,1680590220,1.479,1.479,1.479,1.479,1.479,87.15578865,2
2023-04-04 06:38:00,1680590280,1.479,1.479,1.479,1.479,0.0,0.0,0
2023-04-04 06:39:00,1680590340,1.479,1.479,1.479,1.479,0.0,0.0,0
2023-04-04 06:40:00,1680590400,1.479,1.479,1.479,1.479,0.0,0.0,0
2023-04-04 06:41:00,1680590460,1.479,1.479,1.479,1.479,0.0,0.0,0
2023-04-04 06:42:00,1680590520,1.479,1.479,1.479,1.479,0.0,0.0,0
2023-04-04 06:43:00,1680590580,1.4765,1.4765,1.4764,1.4764,1.4764,400.0,2
2023-04-04 06:44:00,1680590640,1.4764,1.4764,1.4764,1.4764,0.0,0.0,0
2023-04-04 06:45:00,1680590700,1.4764,1.4764,1.4764,1.4764,0.0,0.0,0
2023-04-04 06:46:00,1680590760,1.4764,1.4764,1.4764,1.4764,0.0,0.0,0
2023-04-04 06:47:00,1680590820,1.4764,1.4764,1.4764,1.4764,0.0,0.0,0
2023-04-04 06:48:00,1680590880,1.4764,1.4764,1.4764,1.4764,0.0,0.0,0
2023-04-04 06:49:00,1680590940,1.4764,1.4764,1.4764,1.4764,0.0,0.0,0
2023-04-04 06:50:00,1680591000,1.4764,1.4764,1.4764,1.4764,0.0,0.0,0
2023-04-04 06:51:00,1680591060,1.4764,1.4764,1.4764,1.4764,0.0,0.0,0
2023-04-04 06:52:00,1680591120,1.4764,1.4764,1.4764,1.4764,0.0,0.0,0
2023-04-04 06:53:00,1680591180,1.4764,1.4764,1.4764,1.4764,0.0,0.0,0
2023-04-04 06:54:00,1680591240,1.4764,1.4764,1.4764,1.4764,0.0,0.0,0
2023-04-04 06:55:00,1680591300,1.4764,1.4764,1.4764,1.4764,0.0,0.0,0
2023-04-04 06:56:00,1680591360,1.4764,1.4764,1.4764,1.4764,0.0,0.0,0
2023-04-04 06:57:00,1680591420,1.4764,1.4764,1.4764,1.4764,0.0,0.0,0
2023-04-04 06:58:00,1680591480,1.4764,1.4764,1.4764,1.4764,0.0,0.0,0
2023-04-04 06:59:00,1680591540,1.4764,1.4764,1.4764,1.4764,0.0,0.0,0
2023-04-04 07:00:00,1680591600,1.4764,1.4764,1.4764,1.4764,0.0,0.0,0
2023-04-04 07:01:00,1680591660,1.4764,1.4764,1.4764,1.4764,0.0,0.0,0
2023-04-04 07:02:00,1680591720,1.4764,1.4764,1.4764,1.4764,0.0,0.0,0
2023-04-04 07:03:00,1680591780,1.4764,1.4764,1.4764,1.4764,0.0,0.0,0
2023-04-04 07:04:00,1680591840,1.4764,1.4764,1.4764,1.4764,0.0,0.0,0
2023-04-04 07:05:00,1680591900,1.4781,1.479,1.4781,1.4789,1.4788,17400.7526173,10
2023-04-04 07:06:00,1680591960,1.4789,1.4789,1.4789,1.4789,0.0,0.0,0
2023-04-04 07:07:00,1680592020,1.4789,1.4789,1.4789,1.4789,0.0,0.0,0
2023-04-04 07:08:00,1680592080,1.4786,1.4786,1.4786,1.4786,1.4786,1000.00803406,1
2023-04-04 07:09:00,1680592140,1.4786,1.4786,1.4786,1.4786,0.0,0.0,0
2023-04-04 07:10:00,1680592200,1.4784,1.4784,1.4784,1.4784,1.4784,5.84618506,1
2023-04-04 07:11:00,1680592260,1.4786,1.4786,1.4786,1.4786,1.4786,133.36071992,1
2023-04-04 07:12:00,1680592320,1.4786,1.4786,1.4786,1.4786,0.0,0.0,0
2023-04-04 07:13:00,1680592380,1.4786,1.4786,1.4786,1.4786,0.0,0.0,0
2023-04-04 07:14:00,1680592440,1.4786,1.4786,1.4786,1.4786,0.0,0.0,0
2023-04-04 07:15:00,1680592500,1.4787,1.4787,1.4787,1.4787,1.4787,133.35297207,2
2023-04-04 07:16:00,1680592560,1.4787,1.4787,1.4787,1.4787,0.0,0.0,0
2023-04-04 07:17:00,1680592620,1.4792,1.4792,1.4792,1.4792,1.4792,15.4263324,1
2023-04-04 07:18:00,1680592680,1.4792,1.4792,1.4792,1.4792,1.4792,56.78991065,3
2023-04-04 07:19:00,1680592740,1.4792,1.4792,1.4792,1.4792,0.0,0.0,0
2023-04-04 07:20:00,1680592800,1.4792,1.4792,1.4792,1.4792,0.0,0.0,0
2023-04-04 07:21:00,1680592860,1.479,1.479,1.479,1.479,1.479,12.28,1
2023-04-04 07:22:00,1680592920,1.4793,1.4793,1.4793,1.4793,1.4793,1098.83079873,3
2023-04-04 07:23:00,1680592980,1.4793,1.4793,1.4792,1.4792,1.4792,2080.67163501,3
